N,P,K,temperature,humidity,ph,rainfall,label
81.98,46.31,42.24,26.05,80.83,6.31,283.38,rice
83.6,44.65,41.71,22.07,79.67,6.5,178.6,rice
68.65,44.19,33.94,23.63,77.46,5.84,279.97,rice
77.65,47.34,31.88,21.91,82.55,5.94,247.27,rice
75.4,45.54,35.99,26.7,81.93,5.98,260.68,rice
71.67,48.04,29.2,20.34,82.98,6.7,241.14,rice
78.31,45.49,31.61,21.56,79.7,6.82,246.31,rice
68.42,48.62,37.07,21.65,85.06,6.81,263.94,rice
73.96,45.45,40.66,24.95,79.6,6.33,202.81,rice
71.82,51.06,45.78,22.86,87.02,6.54,216.65,rice
81.17,54.69,38.82,26.13,68.9,6.73,238.61,rice
77.21,47.46,29.06,22.56,83.79,6.99,220.45,rice
74.15,44.49,43.58,23.66,79.35,6.61,238.91,rice
84.81,43.49,37.36,22.22,74.68,6.52,243.83,rice
79.03,45.83,31.92,22.16,80.29,6.08,231.16,rice
81.42,56.43,39.87,23.52,81.63,5.63,235.2,rice
79.36,59.32,38.04,23.6,81.83,5.93,270.28,rice
83.51,50.96,34.45,25.81,74.99,6.63,301.71,rice
73.06,44.17,39.5,21.99,74.25,6.43,204.13,rice
81.84,42.4,46.75,21.43,80.39,6.73,199.07,rice
80.36,53.54,30.96,23.37,83.3,6.71,198.89,rice
71.08,49.61,40.48,23.5,83.73,6.13,242.97,rice
80.76,43.43,48.33,23.95,76.04,6.66,206.76,rice
83.72,52.79,34.9,24.93,84.06,6.73,292.9,rice
77.53,43.23,34.55,21.37,81.61,6.54,244.3,rice
83.96,47.07,46.27,22.47,95.6,6.65,210.29,rice
72.57,49.41,37.88,24.43,84.37,6.37,210.6,rice
69.91,44.77,43.28,23.43,75.77,6.47,247.56,rice
73.7,47.77,39.29,20.71,83.79,6.62,268.49,rice
85.32,40.11,34.31,24.03,84.57,6.61,351.58,rice
82.43,52.68,43.77,24.3,80.42,6.7,212.82,rice
77.58,44.57,39.41,27.63,72.66,6.67,187.62,rice
76.17,52.44,39.32,20.84,78.42,6.67,214.09,rice
80.3,47.23,35.74,27.29,85.17,5.59,241.59,rice
75.03,51.26,35.04,22.77,84.52,6.75,199.99,rice
76.99,44.63,35.73,26.53,84.02,5.9,263.54,rice
91.73,52.16,31.4,22.03,88.33,6.12,249.31,rice
83.65,42.37,38.7,16.52,76.88,6.3,198.57,rice
88.79,39.85,36.8,23.26,89.21,5.83,270.89,rice
79.06,42.09,41.31,23.4,79.0,6.43,224.44,rice
79.68,50.31,46.93,20.52,92.67,5.62,231.45,rice
82.53,48.4,35.89,22.58,79.53,6.16,261.49,rice
81.14,43.54,43.5,23.61,86.06,6.65,211.13,rice
75.64,50.74,42.05,22.96,82.59,6.91,218.25,rice
82.28,45.99,37.91,25.2,86.13,6.73,275.16,rice
79.13,50.41,37.45,23.65,81.35,6.44,253.85,rice
74.09,57.46,33.97,20.57,87.79,6.72,254.72,rice
82.77,46.94,34.51,23.15,78.61,6.79,231.59,rice
74.05,45.39,41.06,21.87,77.89,6.5,243.35,rice
75.96,44.64,40.16,20.1,74.96,6.11,229.6,rice
80.87,54.38,43.29,22.68,81.9,6.0,235.44,rice
77.27,48.61,34.86,24.04,89.66,6.36,248.05,rice
83.14,44.99,40.12,23.03,82.49,6.09,236.74,rice
81.99,54.26,43.8,27.31,78.16,6.75,241.5,rice
92.14,42.96,34.8,21.8,71.38,6.19,213.23,rice
79.9,48.71,48.38,24.9,79.12,6.04,250.76,rice
71.08,56.16,44.9,22.06,73.43,6.94,232.56,rice
86.43,39.03,36.0,23.01,82.23,6.22,254.69,rice
72.59,46.29,39.6,24.03,85.56,5.95,189.98,rice
86.67,48.66,35.26,26.1,82.58,6.87,238.03,rice
91.36,55.78,37.76,24.94,85.23,6.95,207.05,rice
83.12,52.29,30.21,20.63,71.8,6.29,257.53,rice
88.01,47.37,47.14,20.24,73.48,6.38,247.52,rice
78.8,36.66,38.55,20.39,85.35,6.55,207.8,rice
75.92,41.7,38.69,24.91,77.07,6.6,220.09,rice
74.24,46.46,33.82,21.89,76.01,7.19,237.06,rice
74.8,48.07,38.44,22.56,85.07,6.7,220.08,rice
75.55,45.62,27.49,19.97,88.83,7.06,228.53,rice
82.46,48.56,54.39,25.24,81.36,6.02,187.81,rice
80.22,43.22,31.89,21.71,76.59,7.07,262.45,rice
78.95,54.4,39.39,21.28,89.62,6.62,204.88,rice
77.86,42.62,32.09,24.85,91.55,5.84,252.89,rice
75.1,44.56,36.04,21.27,82.24,6.07,244.11,rice
78.7,45.81,34.46,21.85,85.78,6.6,206.67,rice
79.6,50.76,30.65,24.09,78.69,6.63,213.1,rice
68.17,38.86,39.24,23.52,77.48,6.66,186.15,rice
78.6,40.94,35.74,23.09,77.7,6.25,266.19,rice
75.54,51.18,33.35,24.06,89.21,5.41,212.09,rice
82.46,45.98,40.86,21.79,82.43,6.34,271.03,rice
80.53,48.69,36.94,22.02,79.84,6.56,223.37,rice
80.74,57.38,43.36,22.35,88.01,6.24,174.86,rice
72.95,37.65,37.24,23.04,90.38,6.53,229.43,rice
83.98,35.94,40.18,24.54,74.61,6.86,246.15,rice
76.51,50.16,50.35,23.36,83.24,6.22,210.5,rice
83.98,42.72,39.36,22.04,84.39,6.53,267.13,rice
75.94,45.65,34.11,22.11,83.89,6.7,208.34,rice
84.22,53.78,41.07,26.75,78.13,5.9,182.64,rice
87.98,50.27,38.72,23.56,76.37,7.38,239.88,rice
79.66,50.63,41.41,23.45,78.05,6.59,292.46,rice
87.07,54.97,36.44,21.02,81.37,6.42,268.83,rice
68.85,54.65,38.21,22.15,76.94,5.74,260.7,rice
79.44,40.55,32.52,22.33,90.35,6.3,190.91,rice
77.53,45.64,25.52,22.89,80.85,6.68,291.47,rice
85.76,45.66,33.47,28.15,82.3,6.41,235.28,rice
80.19,46.28,36.13,21.91,81.84,6.18,214.61,rice
79.64,45.73,46.52,17.7,87.46,6.9,173.8,rice
76.94,45.14,31.96,21.44,76.45,7.1,264.07,rice
86.63,50.61,33.35,21.95,84.45,5.91,257.39,rice
77.56,45.13,42.55,23.89,80.2,6.86,203.57,rice
82.7,49.97,37.45,23.65,75.74,6.77,230.45,rice
73.34,55.34,16.18,19.18,55.66,6.44,51.63,maize
89.28,33.43,25.79,22.42,64.42,5.98,71.79,maize
76.74,55.72,19.46,22.3,62.82,6.18,70.69,maize
65.03,38.56,21.97,22.34,63.9,6.21,71.17,maize
73.22,42.55,19.78,20.04,67.45,5.52,79.35,maize
80.31,49.79,22.93,25.33,71.09,5.46,51.65,maize
72.63,48.18,21.07,20.55,66.12,5.9,59.66,maize
67.15,41.54,13.59,20.05,71.32,5.82,98.59,maize
80.45,49.29,15.57,23.4,61.55,6.25,97.72,maize
76.33,56.04,16.19,21.93,75.62,5.95,88.75,maize
81.95,44.06,21.53,23.95,68.73,5.57,58.27,maize
75.27,47.48,21.48,22.36,56.99,6.35,74.33,maize
80.92,55.57,22.34,22.92,64.58,5.54,72.16,maize
78.45,49.9,13.89,19.84,71.32,6.18,75.18,maize
77.2,48.21,22.75,20.97,65.58,6.02,61.79,maize
74.84,49.55,17.09,24.51,59.63,6.13,61.72,maize
87.13,49.38,23.13,19.03,66.6,6.56,67.99,maize
84.46,44.38,24.64,26.6,62.82,6.02,84.44,maize
88.06,44.34,17.32,21.44,56.93,5.83,54.95,maize
71.63,47.76,19.94,25.1,59.01,6.59,64.43,maize
76.65,52.72,14.51,22.76,66.0,6.4,70.47,maize
94.19,43.54,16.88,20.75,61.67,5.95,81.27,maize
86.94,44.0,15.67,22.94,61.69,6.45,69.44,maize
66.39,58.83,26.18,20.77,62.67,6.31,71.01,maize
81.61,62.07,18.29,20.4,56.72,5.91,66.6,maize
89.56,44.38,19.9,21.97,72.13,7.21,60.63,maize
73.57,55.31,21.73,25.69,68.5,6.06,74.09,maize
84.76,53.74,21.03,24.13,72.02,6.75,74.78,maize
75.83,49.03,23.83,20.37,67.21,6.04,67.34,maize
85.95,49.34,19.19,19.28,69.48,6.46,92.96,maize
74.85,49.53,20.0,25.15,64.43,6.31,74.29,maize
78.31,44.87,19.78,24.15,58.84,6.25,58.6,maize
85.37,37.34,16.76,22.75,74.39,6.17,60.34,maize
90.17,37.86,10.2,22.88,61.99,5.79,75.5,maize
78.71,44.05,13.88,23.74,68.9,6.16,89.16,maize
69.51,37.32,16.23,21.91,66.46,6.1,71.22,maize
68.24,58.11,18.67,24.23,67.06,6.38,73.84,maize
80.13,52.5,24.32,22.39,69.25,6.16,84.28,maize
72.27,60.61,18.84,19.14,65.77,5.93,77.09,maize
72.43,44.88,11.44,21.1,50.46,5.57,76.12,maize
82.5,50.98,15.13,21.9,64.98,5.74,85.04,maize
83.14,46.45,19.11,22.42,52.75,6.1,58.82,maize
69.99,46.03,26.19,23.28,61.57,6.43,83.79,maize
83.47,48.42,16.41,23.4,67.36,6.56,74.62,maize
84.35,44.25,24.27,22.4,77.45,5.92,87.83,maize
78.39,43.44,17.06,21.36,67.54,6.41,60.12,maize
76.83,63.0,25.91,22.87,65.23,6.25,74.36,maize
69.84,46.2,12.33,22.8,68.88,6.01,85.89,maize
68.42,37.75,19.9,24.09,75.1,6.02,79.94,maize
76.73,46.79,22.53,23.3,55.54,6.79,83.56,maize
72.62,50.77,20.98,22.52,61.7,5.93,66.69,maize
85.21,51.81,17.52,23.54,47.91,6.66,46.12,maize
74.46,40.16,13.82,24.32,62.19,6.34,66.44,maize
80.34,48.54,13.87,23.99,62.04,5.58,61.86,maize
87.51,53.95,17.61,21.3,63.07,7.03,71.58,maize
80.01,55.21,19.96,21.48,63.82,6.17,66.55,maize
82.09,48.36,21.93,21.84,65.47,5.4,78.0,maize
79.43,54.99,7.41,26.18,64.16,6.64,54.52,maize
81.29,40.63,16.5,25.83,63.86,6.29,77.44,maize
80.47,49.05,20.46,26.81,64.65,6.28,79.61,maize
84.74,56.31,21.55,19.71,74.8,5.74,70.63,maize
71.72,47.55,20.32,22.64,67.53,6.85,72.44,maize
75.29,54.75,23.76,19.54,68.58,6.48,63.43,maize
86.63,46.95,19.5,21.65,65.09,5.76,49.72,maize
88.16,42.07,15.03,17.69,61.17,5.67,86.7,maize
84.07,43.18,28.01,23.96,63.05,5.2,94.49,maize
67.27,36.48,23.09,26.88,73.31,6.43,74.14,maize
82.97,53.31,20.12,22.21,64.62,5.9,63.63,maize
65.15,47.31,15.05,19.79,66.08,6.76,78.02,maize
66.01,41.07,22.76,20.04,63.65,6.42,55.38,maize
77.74,38.66,16.59,22.64,55.44,6.38,66.76,maize
80.87,49.57,24.46,22.25,62.42,6.25,73.52,maize
77.34,48.28,16.19,20.67,56.58,6.9,52.07,maize
72.15,42.97,22.58,21.41,72.49,5.93,70.35,maize
71.15,63.02,14.25,22.62,68.8,6.37,64.78,maize
76.09,48.31,18.41,23.93,78.26,5.98,50.56,maize
76.38,66.06,15.79,25.28,75.07,5.98,73.83,maize
88.4,45.35,18.19,20.84,58.91,5.94,52.31,maize
77.24,42.61,19.94,18.89,66.99,6.53,43.08,maize
79.62,56.59,14.16,25.35,67.51,5.92,66.33,maize
80.91,48.53,21.16,20.16,66.02,5.63,65.67,maize
70.67,42.85,23.94,24.18,68.65,5.76,63.2,maize
85.49,48.99,28.28,22.79,66.15,6.08,68.6,maize
75.93,52.96,22.83,20.43,57.01,5.47,73.1,maize
69.28,32.93,20.55,26.99,64.96,6.54,67.98,maize
76.31,54.43,17.84,22.53,66.93,5.93,78.9,maize
75.78,42.71,21.15,20.2,65.17,6.2,80.03,maize
80.32,47.82,22.27,24.78,68.35,6.2,51.26,maize
69.54,45.86,16.56,21.63,65.34,6.41,66.15,maize
80.41,48.45,11.1,20.12,64.14,5.72,74.2,maize
87.72,56.53,18.15,24.98,65.89,6.07,59.64,maize
74.88,45.28,19.68,22.32,65.02,6.37,81.29,maize
83.65,37.61,8.78,23.87,56.8,6.11,52.96,maize
64.39,51.79,22.04,20.85,49.45,5.98,71.7,maize
66.65,49.28,18.94,23.16,65.72,5.81,81.36,maize
75.89,47.81,15.27,21.11,59.69,6.13,87.54,maize
67.4,36.71,24.88,21.58,60.99,6.62,59.73,maize
89.78,52.75,17.05,26.31,61.37,6.5,70.59,maize
86.11,58.93,19.13,20.49,67.76,5.93,91.16,maize
77.96,45.44,19.74,19.31,59.17,6.68,59.12,maize
31.62,71.29,88.49,20.16,20.98,6.92,63.94,chickpea
52.01,64.42,76.99,21.98,18.78,7.53,106.98,chickpea
34.85,74.42,79.46,18.81,23.64,7.55,87.46,chickpea
48.58,64.08,72.29,14.87,6.17,8.33,67.76,chickpea
38.23,64.79,81.46,20.45,20.3,7.01,78.99,chickpea
42.26,65.01,91.86,19.47,19.67,7.63,95.08,chickpea
41.45,56.63,82.2,16.05,13.36,7.59,95.86,chickpea
40.17,69.47,92.62,18.72,29.01,7.58,59.87,chickpea
46.03,70.05,89.32,20.02,15.31,6.69,78.49,chickpea
33.2,62.36,83.71,23.01,17.97,6.7,86.34,chickpea
49.57,62.12,77.93,18.04,12.08,7.62,79.55,chickpea
43.36,59.9,75.5,20.17,14.14,8.16,76.2,chickpea
41.8,74.46,67.65,12.72,8.37,7.93,74.38,chickpea
60.47,62.49,80.48,22.63,26.03,8.33,95.5,chickpea
48.19,71.74,85.23,16.35,11.91,7.3,78.96,chickpea
36.37,72.57,86.64,18.27,23.39,6.73,78.68,chickpea
34.27,52.07,78.34,17.63,23.57,7.62,68.71,chickpea
54.83,76.77,83.66,17.32,11.2,7.11,94.06,chickpea
55.08,79.35,75.09,14.64,16.7,6.42,84.88,chickpea
38.82,63.27,66.24,19.54,13.34,6.72,46.53,chickpea
39.78,81.18,92.29,16.63,12.99,7.53,69.02,chickpea
42.41,73.13,88.82,17.7,14.98,6.86,71.08,chickpea
38.19,69.94,86.31,15.59,23.46,7.16,80.74,chickpea
34.02,47.61,86.07,20.21,14.59,7.33,87.19,chickpea
27.5,62.77,85.35,14.24,17.47,6.62,86.6,chickpea
39.71,54.08,88.32,15.8,11.95,7.4,94.78,chickpea
31.87,67.49,82.43,20.08,16.88,7.12,71.07,chickpea
40.69,58.42,55.63,19.31,20.52,6.12,68.88,chickpea
44.95,83.46,79.17,15.82,15.09,7.99,73.25,chickpea
33.61,63.14,71.37,18.37,24.12,7.46,77.97,chickpea
37.67,54.49,86.06,17.77,15.1,8.9,84.59,chickpea
33.99,63.59,88.19,18.34,8.81,7.76,72.98,chickpea
54.99,75.64,75.42,21.84,16.34,7.73,86.82,chickpea
33.23,61.85,87.24,17.0,13.98,6.82,86.08,chickpea
56.5,58.46,79.19,22.24,15.6,7.53,68.25,chickpea
43.43,65.5,86.89,21.56,28.95,7.59,84.91,chickpea
41.56,64.17,81.71,17.11,16.84,7.96,68.92,chickpea
49.12,77.54,78.06,11.63,12.96,7.95,80.73,chickpea
32.01,62.96,85.72,19.64,14.81,7.12,76.3,chickpea
32.62,79.92,76.42,21.65,23.61,7.8,75.82,chickpea
43.23,66.81,71.77,18.97,10.1,7.89,75.42,chickpea
41.61,69.27,76.93,19.76,13.63,7.74,64.85,chickpea
41.01,82.51,71.0,15.97,18.57,7.39,85.21,chickpea
43.91,72.08,87.88,19.23,14.79,7.64,103.8,chickpea
38.94,59.2,87.86,17.64,5.14,7.72,74.58,chickpea
39.28,69.66,80.52,20.13,13.82,7.56,77.89,chickpea
45.91,71.92,71.52,21.26,13.32,7.7,85.41,chickpea
54.71,65.21,76.21,17.94,14.48,7.7,61.6,chickpea
31.57,58.46,86.6,23.13,15.48,7.22,81.84,chickpea
49.3,59.58,80.91,20.93,18.51,7.39,93.01,chickpea
18.37,72.42,73.77,12.51,18.56,7.99,79.35,chickpea
47.62,79.9,89.52,22.92,19.71,7.34,61.78,chickpea
38.03,60.25,96.37,17.47,16.62,7.58,81.52,chickpea
53.56,62.02,80.56,15.77,9.4,6.99,80.56,chickpea
36.57,61.46,67.75,17.75,8.48,7.68,81.99,chickpea
28.34,64.53,72.98,18.96,22.7,6.36,82.38,chickpea
38.72,72.37,80.71,15.74,14.4,6.9,93.91,chickpea
40.17,82.21,78.51,15.87,8.43,6.4,61.99,chickpea
42.14,71.07,66.35,20.69,13.58,7.37,100.35,chickpea
47.17,64.85,71.87,11.54,12.4,7.19,69.15,chickpea
38.95,67.61,77.2,16.05,16.84,7.52,67.92,chickpea
51.29,66.21,79.15,20.12,17.17,7.78,84.45,chickpea
35.1,69.89,69.85,18.33,15.83,7.2,79.46,chickpea
24.95,62.61,79.74,18.48,10.86,7.93,70.61,chickpea
47.76,70.42,73.83,23.33,10.03,7.76,93.01,chickpea
34.64,78.14,77.0,18.87,17.3,7.23,90.73,chickpea
46.35,53.01,89.43,13.01,21.16,7.86,67.91,chickpea
36.71,58.15,77.28,17.08,19.9,7.96,97.75,chickpea
35.5,65.33,65.53,15.58,20.82,8.11,66.19,chickpea
35.26,66.79,81.24,15.57,18.12,7.06,80.83,chickpea
44.37,67.05,75.51,17.67,15.56,7.11,77.89,chickpea
52.79,71.49,76.64,20.09,14.33,7.89,85.44,chickpea
39.14,70.58,66.43,14.62,10.03,7.37,101.79,chickpea
57.85,72.1,83.01,12.6,13.29,6.91,73.55,chickpea
38.65,63.22,63.17,20.24,10.64,7.42,105.89,chickpea
32.64,46.76,76.71,21.3,25.79,6.69,86.96,chickpea
36.28,66.15,100.15,13.49,17.27,7.53,94.03,chickpea
40.78,69.46,75.87,18.81,14.28,7.61,76.56,chickpea
43.02,66.77,88.01,17.85,7.13,7.93,70.13,chickpea
34.77,62.23,90.0,11.59,31.69,7.83,83.68,chickpea
39.56,69.28,83.17,19.94,18.78,7.34,78.63,chickpea
38.79,65.44,88.07,19.78,1.3,7.63,83.34,chickpea
39.85,63.89,87.99,20.84,12.14,7.5,69.34,chickpea
28.96,61.99,85.9,20.86,18.57,7.66,87.19,chickpea
34.87,70.46,85.4,20.26,21.94,7.65,85.22,chickpea
48.56,66.79,71.95,17.51,12.28,6.96,79.27,chickpea
33.66,64.54,63.85,18.64,16.01,6.89,88.91,chickpea
47.5,54.14,72.9,15.69,11.3,7.71,78.67,chickpea
37.88,50.97,84.08,14.28,16.3,7.44,97.33,chickpea
29.53,42.84,80.47,23.4,22.19,7.4,75.1,chickpea
46.46,59.21,82.81,19.52,21.3,8.68,85.71,chickpea
35.93,66.8,64.85,15.92,13.95,7.04,82.83,chickpea
33.42,75.97,79.0,17.97,14.36,7.38,90.9,chickpea
33.06,61.74,76.57,13.96,11.9,7.06,91.49,chickpea
42.1,68.55,85.81,17.59,17.95,7.25,84.18,chickpea
35.34,47.49,77.93,22.27,20.63,7.78,95.83,chickpea
40.71,68.58,74.06,17.05,19.08,7.9,79.33,chickpea
36.4,67.0,83.81,13.67,4.52,7.02,66.35,chickpea
35.93,65.82,75.37,22.36,17.63,7.45,88.47,chickpea
30.89,75.31,78.39,20.01,10.64,6.52,90.81,chickpea
21.88,60.69,16.52,22.38,15.05,6.36,93.39,kidneybeans
23.19,64.7,22.41,17.37,20.19,5.72,91.97,kidneybeans
23.7,63.41,19.09,16.02,8.19,5.62,139.78,kidneybeans
23.92,66.87,18.95,19.07,23.74,5.23,121.6,kidneybeans
23.58,72.03,21.75,19.06,24.36,5.94,101.04,kidneybeans
17.13,67.71,26.2,15.28,13.66,5.77,106.71,kidneybeans
20.87,68.71,19.11,23.47,13.0,5.37,104.55,kidneybeans
11.78,65.77,26.65,19.06,22.15,5.2,97.37,kidneybeans
18.12,64.78,25.13,20.67,15.44,5.8,112.98,kidneybeans
25.7,78.06,15.94,16.57,14.71,5.61,112.53,kidneybeans
24.94,66.47,18.72,19.46,16.82,6.54,83.49,kidneybeans
20.92,81.17,20.03,18.43,19.21,5.63,125.22,kidneybeans
8.94,77.73,14.3,18.2,18.85,5.94,83.63,kidneybeans
22.31,81.17,14.55,19.57,17.69,5.87,106.27,kidneybeans
16.79,70.42,27.22,18.43,24.6,5.18,92.61,kidneybeans
22.36,77.39,21.42,18.06,21.0,5.2,114.46,kidneybeans
24.41,63.84,18.12,19.8,18.82,5.67,135.4,kidneybeans
18.76,64.49,17.41,21.23,20.09,5.44,124.5,kidneybeans
27.1,62.8,12.53,22.02,17.58,6.02,78.42,kidneybeans
24.46,58.52,22.92,19.04,16.23,5.54,115.61,kidneybeans
20.53,71.09,27.91,14.31,29.09,5.74,93.42,kidneybeans
13.35,65.68,23.69,18.62,28.56,5.12,105.83,kidneybeans
13.74,69.55,23.55,17.74,7.98,5.78,112.11,kidneybeans
22.02,75.65,15.72,21.04,26.96,4.99,110.48,kidneybeans
17.48,66.43,21.39,17.54,17.62,5.71,90.78,kidneybeans
14.57,71.76,15.4,21.0,23.31,5.01,96.51,kidneybeans
25.97,60.13,18.14,20.39,24.92,5.6,97.63,kidneybeans
27.11,79.17,23.92,19.26,16.96,5.37,113.32,kidneybeans
22.09,76.81,22.6,14.49,26.26,5.3,100.62,kidneybeans
21.25,80.97,32.44,20.82,20.08,5.91,118.43,kidneybeans
18.4,79.57,20.92,20.49,24.33,5.87,117.75,kidneybeans
16.91,63.09,15.6,20.32,24.89,5.88,129.44,kidneybeans
19.97,71.68,15.63,17.84,24.48,6.04,101.88,kidneybeans
19.64,56.37,18.57,21.67,23.88,5.9,106.7,kidneybeans
20.04,62.38,22.8,20.26,23.46,5.49,75.85,kidneybeans
25.49,63.65,16.55,21.08,19.04,6.12,114.64,kidneybeans
23.42,57.44,24.85,19.78,19.15,5.76,81.13,kidneybeans
22.04,59.79,14.59,14.43,26.56,5.45,127.47,kidneybeans
17.32,55.05,15.53,22.71,20.22,5.48,108.24,kidneybeans
22.51,74.82,25.79,17.92,14.37,5.53,109.64,kidneybeans
15.18,60.3,21.38,18.85,21.16,5.4,102.77,kidneybeans
15.38,73.23,24.14,13.46,16.35,5.1,96.9,kidneybeans
19.58,56.85,16.31,15.99,22.04,5.73,95.9,kidneybeans
20.88,63.17,18.91,24.02,27.7,5.18,117.62,kidneybeans
24.06,58.96,23.28,23.61,15.39,5.33,120.25,kidneybeans
21.36,70.86,21.36,20.17,14.37,6.12,122.37,kidneybeans
18.85,66.7,13.88,20.54,23.86,5.68,121.74,kidneybeans
18.33,70.95,15.92,18.93,20.13,5.79,100.83,kidneybeans
19.34,72.78,18.25,14.18,29.75,6.25,87.91,kidneybeans
23.45,63.48,21.05,19.88,19.83,5.39,96.33,kidneybeans
15.42,61.18,19.73,16.85,24.41,6.29,97.88,kidneybeans
21.2,70.5,21.89,19.23,24.71,5.89,88.67,kidneybeans
24.35,73.21,16.95,19.11,24.42,5.62,121.02,kidneybeans
31.82,61.5,14.48,19.91,24.61,5.61,126.35,kidneybeans
13.31,71.85,17.58,24.16,30.96,5.39,98.31,kidneybeans
24.3,64.29,19.82,19.08,11.4,5.69,96.34,kidneybeans
17.53,77.11,14.97,21.44,19.61,5.59,117.07,kidneybeans
21.7,70.99,23.87,18.01,17.94,5.27,94.44,kidneybeans
34.75,75.71,14.6,15.03,23.41,5.92,113.68,kidneybeans
18.73,66.12,21.31,19.26,9.9,5.61,94.08,kidneybeans
20.88,87.9,21.47,18.06,25.61,5.89,111.88,kidneybeans
23.03,81.4,15.48,20.42,16.37,5.92,93.14,kidneybeans
17.91,64.93,23.9,21.76,14.77,5.72,96.07,kidneybeans
13.71,65.48,18.77,26.28,23.16,5.15,98.09,kidneybeans
25.11,81.62,13.66,13.36,30.35,5.86,93.84,kidneybeans
22.67,48.55,20.01,19.98,25.62,5.29,107.2,kidneybeans
15.37,68.79,16.42,17.78,16.02,5.96,118.02,kidneybeans
18.83,67.27,14.21,18.1,20.75,6.75,90.43,kidneybeans
27.32,73.98,21.12,24.28,22.86,5.86,105.26,kidneybeans
26.12,74.68,17.5,15.04,19.99,5.38,105.11,kidneybeans
26.19,63.8,19.83,19.17,25.24,4.8,97.51,kidneybeans
21.06,75.4,18.03,13.37,24.1,5.45,89.34,kidneybeans
16.88,65.71,17.58,12.38,25.49,6.21,115.12,kidneybeans
14.31,65.59,19.97,20.8,24.34,5.41,107.15,kidneybeans
22.29,77.19,22.82,21.37,21.42,6.26,111.74,kidneybeans
15.69,76.82,22.79,17.67,18.6,5.82,112.48,kidneybeans
20.99,69.18,26.8,22.21,21.95,6.08,91.54,kidneybeans
21.99,79.67,19.13,16.46,17.74,5.26,95.01,kidneybeans
18.15,57.16,20.06,21.71,16.46,6.31,113.15,kidneybeans
25.15,62.4,23.42,15.72,25.45,5.77,113.75,kidneybeans
14.12,60.73,22.39,16.15,23.32,5.15,117.87,kidneybeans
13.84,70.87,22.5,16.91,23.91,5.8,98.46,kidneybeans
14.96,53.26,21.4,14.31,21.48,5.59,115.51,kidneybeans
18.49,64.69,22.93,20.01,22.58,5.89,84.5,kidneybeans
23.78,71.29,15.93,18.27,20.8,5.65,110.67,kidneybeans
27.16,74.57,14.75,20.87,27.64,5.85,121.27,kidneybeans
30.06,74.17,21.0,22.14,21.72,5.71,101.08,kidneybeans
27.82,61.27,26.13,20.5,14.0,5.85,76.6,kidneybeans
23.13,73.2,17.63,19.37,30.77,5.5,91.18,kidneybeans
27.41,80.74,20.01,22.03,27.71,5.4,99.21,kidneybeans
26.15,78.8,22.25,16.36,30.94,5.49,101.31,kidneybeans
21.71,77.88,23.42,20.24,23.32,5.72,113.81,kidneybeans
7.35,64.92,20.97,15.55,22.93,5.62,130.58,kidneybeans
27.87,63.74,19.4,18.78,18.74,5.78,95.38,kidneybeans
14.35,71.36,22.52,16.59,25.48,5.45,109.54,kidneybeans
24.1,66.76,21.82,17.45,20.02,5.62,95.55,kidneybeans
19.12,56.16,18.04,18.15,19.72,5.6,105.14,kidneybeans
22.4,73.12,17.4,15.39,15.79,5.51,101.07,kidneybeans
16.15,57.93,18.18,19.54,23.98,5.48,100.22,kidneybeans
15.37,66.78,16.61,20.72,12.07,5.56,110.22,kidneybeans
20.92,85.85,21.4,23.99,47.43,5.09,147.55,pigeonpeas
15.83,73.41,17.8,26.65,44.19,6.5,143.22,pigeonpeas
29.16,72.7,21.93,28.11,50.36,5.03,143.98,pigeonpeas
24.23,66.66,14.38,26.84,58.22,6.3,147.88,pigeonpeas
24.76,64.43,13.18,24.23,57.38,5.69,144.62,pigeonpeas
18.5,80.33,26.5,33.66,47.05,5.92,121.7,pigeonpeas
27.38,58.83,20.87,23.71,44.47,5.47,138.06,pigeonpeas
17.3,63.16,23.33,23.69,49.32,6.29,139.76,pigeonpeas
16.41,65.39,24.72,27.58,44.81,5.99,129.16,pigeonpeas
23.41,69.86,18.77,24.48,42.68,6.01,171.12,pigeonpeas
16.81,70.21,11.65,25.25,47.81,5.44,132.14,pigeonpeas
16.66,69.05,19.25,20.29,35.28,5.56,157.24,pigeonpeas
6.26,63.5,17.9,31.17,45.69,5.95,151.54,pigeonpeas
9.35,72.38,20.86,28.52,71.56,4.97,180.04,pigeonpeas
18.56,69.01,19.82,25.73,44.58,5.93,121.69,pigeonpeas
23.75,64.09,15.48,25.65,55.54,5.59,155.45,pigeonpeas
16.35,72.31,22.74,32.55,46.95,6.07,150.77,pigeonpeas
26.48,61.97,22.98,26.42,47.61,5.84,153.54,pigeonpeas
19.42,68.5,26.31,29.96,53.21,5.62,132.99,pigeonpeas
24.78,73.13,25.89,25.19,46.62,5.14,141.94,pigeonpeas
24.98,63.73,22.56,26.43,49.94,5.34,150.53,pigeonpeas
5.04,65.69,13.48,30.62,52.66,5.99,176.38,pigeonpeas
15.26,79.23,23.73,26.29,54.81,5.36,134.16,pigeonpeas
16.96,63.3,15.77,30.67,46.45,5.94,138.73,pigeonpeas
10.9,68.89,12.35,26.79,39.79,6.59,165.4,pigeonpeas
20.53,75.85,16.61,28.63,49.2,5.91,171.9,pigeonpeas
23.66,69.02,13.38,24.12,47.26,5.84,128.66,pigeonpeas
32.06,77.61,22.41,27.22,46.73,5.42,150.39,pigeonpeas
21.29,58.31,21.34,26.53,36.55,5.46,141.56,pigeonpeas
29.44,70.9,14.66,28.46,38.72,6.23,140.52,pigeonpeas
19.53,76.28,14.85,22.81,44.5,6.22,121.65,pigeonpeas
5.84,63.84,22.21,30.6,45.22,5.64,169.77,pigeonpeas
10.65,64.28,20.76,28.35,44.94,5.81,104.21,pigeonpeas
16.71,70.17,16.07,27.18,50.68,5.66,152.07,pigeonpeas
15.19,65.55,22.44,27.47,44.48,5.89,161.86,pigeonpeas
9.75,75.11,18.65,28.28,55.18,5.25,136.23,pigeonpeas
18.56,61.51,26.94,24.43,44.67,5.88,127.36,pigeonpeas
18.02,69.22,18.67,26.72,44.82,5.19,154.79,pigeonpeas
28.77,67.13,20.9,29.08,40.38,6.48,152.64,pigeonpeas
28.16,61.87,27.27,29.33,51.32,5.89,144.53,pigeonpeas
26.0,67.98,12.13,23.65,46.88,5.92,147.98,pigeonpeas
26.09,53.34,20.57,21.55,52.56,5.76,156.55,pigeonpeas
15.68,75.96,24.17,28.75,47.22,6.03,136.28,pigeonpeas
24.28,78.55,24.28,24.81,50.17,5.28,159.3,pigeonpeas
22.25,53.91,15.35,26.15,46.19,5.32,156.0,pigeonpeas
21.26,65.64,16.98,30.15,57.93,5.61,137.98,pigeonpeas
22.46,64.49,19.44,29.22,36.54,6.33,150.31,pigeonpeas
17.94,66.38,19.85,21.81,56.97,5.82,156.97,pigeonpeas
24.76,59.85,21.89,26.2,53.08,4.95,147.22,pigeonpeas
16.99,70.03,21.88,24.88,43.73,5.76,132.86,pigeonpeas
24.21,64.42,8.37,25.88,41.77,5.15,126.73,pigeonpeas
20.55,76.3,21.25,25.18,50.74,5.62,136.5,pigeonpeas
14.23,54.74,18.44,27.47,47.42,5.63,131.98,pigeonpeas
23.04,57.78,23.1,23.99,43.49,5.21,139.97,pigeonpeas
24.88,70.61,23.91,28.57,41.38,5.67,134.96,pigeonpeas
26.65,58.62,23.57,29.68,58.98,5.64,161.82,pigeonpeas
31.41,62.68,13.86,21.36,52.28,5.05,142.3,pigeonpeas
22.19,68.3,21.7,27.67,55.67,5.42,136.81,pigeonpeas
16.14,72.81,23.6,28.35,55.1,5.33,179.01,pigeonpeas
27.62,72.15,27.13,22.03,44.85,5.51,161.99,pigeonpeas
14.75,72.3,25.48,29.09,49.7,5.4,133.76,pigeonpeas
26.25,72.46,19.84,25.75,35.85,5.37,183.41,pigeonpeas
13.6,68.33,24.03,23.24,49.11,6.18,149.22,pigeonpeas
34.34,55.32,24.23,26.48,52.63,5.98,135.8,pigeonpeas
21.14,53.99,22.41,27.89,51.83,6.22,155.62,pigeonpeas
20.74,60.83,17.15,30.56,56.62,5.7,149.83,pigeonpeas
15.48,75.21,22.66,32.82,42.73,5.65,153.17,pigeonpeas
23.23,65.49,16.51,29.64,52.33,5.43,173.4,pigeonpeas
25.85,67.94,20.32,28.66,42.83,5.81,110.26,pigeonpeas
24.38,56.07,26.01,26.01,46.73,5.55,143.82,pigeonpeas
27.09,49.59,25.11,28.01,40.76,5.37,179.18,pigeonpeas
15.27,58.93,24.55,28.02,42.37,5.89,130.54,pigeonpeas
25.5,74.43,22.13,28.08,58.57,5.8,127.73,pigeonpeas
22.25,81.6,15.94,25.92,50.5,5.78,131.32,pigeonpeas
25.61,83.24,20.78,24.29,38.71,5.9,168.87,pigeonpeas
22.38,66.98,17.64,23.72,53.01,6.17,121.18,pigeonpeas
27.95,71.02,25.6,22.97,39.81,5.74,158.05,pigeonpeas
28.98,71.94,19.03,23.92,55.38,5.41,178.31,pigeonpeas
18.58,78.13,22.72,26.59,44.88,5.66,156.71,pigeonpeas
20.39,62.84,19.34,27.24,35.23,5.98,131.37,pigeonpeas
14.23,55.19,12.82,22.93,43.75,6.58,139.53,pigeonpeas
20.89,69.8,20.52,26.77,40.83,6.38,181.53,pigeonpeas
11.59,59.83,18.88,24.11,51.04,5.51,187.97,pigeonpeas
25.95,68.49,24.11,30.32,44.62,5.47,150.41,pigeonpeas
24.31,67.97,13.69,24.59,47.56,5.77,184.51,pigeonpeas
13.07,70.54,25.96,33.81,45.57,6.0,159.26,pigeonpeas
20.98,66.31,21.74,19.4,52.09,5.85,145.0,pigeonpeas
30.23,62.28,18.39,32.97,43.01,5.58,146.35,pigeonpeas
24.2,68.45,14.83,25.4,44.36,5.77,156.67,pigeonpeas
22.09,54.57,24.26,27.76,56.31,5.98,168.82,pigeonpeas
22.33,76.42,22.09,26.71,61.63,6.16,159.33,pigeonpeas
13.62,57.98,21.17,27.44,44.32,5.86,177.6,pigeonpeas
23.48,59.01,19.55,24.59,45.67,5.63,140.4,pigeonpeas
13.72,66.11,17.76,18.21,60.32,6.24,142.23,pigeonpeas
20.09,58.8,26.78,32.69,48.94,6.21,152.16,pigeonpeas
13.32,64.12,20.53,25.64,46.69,5.76,147.54,pigeonpeas
20.26,59.58,17.13,23.15,53.87,4.96,169.76,pigeonpeas
26.93,64.88,9.59,25.92,47.61,5.4,139.73,pigeonpeas
27.65,71.65,16.3,22.21,46.04,5.71,157.93,pigeonpeas
17.32,70.58,27.74,29.45,47.71,5.73,142.58,pigeonpeas
26.9,43.24,20.18,28.15,43.99,6.11,54.23,motherbeans
20.69,50.0,17.87,31.66,41.74,7.66,33.52,motherbeans
23.17,49.85,16.82,29.27,54.68,5.69,56.03,motherbeans
8.53,41.21,26.52,26.25,39.96,6.7,71.68,motherbeans
11.84,40.69,25.99,33.57,46.38,6.18,71.96,motherbeans
28.97,51.07,16.75,27.85,46.04,6.97,65.51,motherbeans
25.4,40.54,25.51,28.94,51.12,7.53,39.88,motherbeans
20.82,43.81,13.73,29.04,62.07,5.88,50.68,motherbeans
24.2,47.74,19.55,24.1,48.4,6.42,29.1,motherbeans
26.97,52.75,20.21,28.69,53.45,6.91,60.04,motherbeans
19.51,54.87,21.28,28.58,39.38,6.94,42.68,motherbeans
17.81,42.11,15.74,34.37,54.99,7.76,38.77,motherbeans
21.36,39.24,17.22,25.25,54.44,6.6,61.68,motherbeans
24.02,60.82,14.08,31.78,53.88,6.31,61.07,motherbeans
22.68,45.64,16.7,25.84,59.3,6.8,58.82,motherbeans
17.05,42.32,24.33,23.95,44.51,6.82,52.11,motherbeans
20.1,49.37,22.77,30.2,41.09,6.66,62.95,motherbeans
25.47,38.76,21.41,22.07,47.28,7.75,41.52,motherbeans
16.83,51.58,13.83,26.1,50.58,6.48,48.64,motherbeans
24.72,49.53,21.07,26.98,49.22,6.74,55.58,motherbeans
18.52,45.9,16.04,27.89,42.13,6.24,53.59,motherbeans
22.06,51.7,18.28,29.22,50.3,7.02,42.74,motherbeans
21.75,49.18,20.03,21.74,47.96,7.91,47.4,motherbeans
17.36,49.24,21.25,31.58,39.45,7.17,56.9,motherbeans
20.29,49.03,24.12,30.62,40.14,7.21,50.35,motherbeans
21.36,47.44,19.4,31.58,46.5,6.24,47.06,motherbeans
21.89,54.38,22.41,25.45,61.91,6.93,63.75,motherbeans
20.24,50.2,23.36,31.65,53.34,7.24,47.85,motherbeans
18.14,49.0,23.73,27.33,53.39,7.53,41.84,motherbeans
16.82,46.16,21.23,26.43,55.11,7.01,51.39,motherbeans
13.82,39.11,21.12,21.6,53.08,6.72,83.43,motherbeans
32.54,45.91,19.57,30.99,57.22,5.98,33.14,motherbeans
17.89,50.5,21.99,31.21,39.8,5.64,59.58,motherbeans
16.86,34.89,20.58,30.38,46.27,6.57,49.41,motherbeans
19.15,38.91,17.14,29.56,48.93,6.88,41.05,motherbeans
20.09,33.94,20.71,32.29,38.16,6.51,54.29,motherbeans
27.26,44.31,17.23,22.09,47.62,7.82,53.77,motherbeans
20.89,48.93,19.96,25.56,51.94,6.91,51.18,motherbeans
16.12,54.82,22.66,26.34,53.01,6.55,43.18,motherbeans
17.2,36.37,21.89,22.51,39.63,5.76,50.14,motherbeans
20.25,45.04,15.83,24.48,49.79,6.52,54.16,motherbeans
16.57,48.09,25.21,29.76,44.53,6.93,48.59,motherbeans
21.04,45.05,19.34,28.64,41.04,6.29,37.11,motherbeans
13.0,39.7,20.64,25.32,50.08,6.82,31.31,motherbeans
24.27,51.86,16.02,29.26,41.86,6.85,38.36,motherbeans
12.03,44.7,19.51,26.81,39.9,6.6,53.69,motherbeans
20.78,48.1,17.32,31.52,39.94,7.04,62.82,motherbeans
23.4,45.78,17.89,31.11,38.46,6.31,47.02,motherbeans
27.19,49.28,16.13,27.07,43.31,6.45,60.79,motherbeans
14.14,56.65,23.31,31.27,44.22,6.73,36.67,motherbeans
18.38,49.96,25.18,24.68,44.81,6.72,37.04,motherbeans
23.96,42.66,19.22,26.64,42.26,6.8,48.84,motherbeans
19.14,42.63,21.28,32.96,47.84,7.3,37.1,motherbeans
21.79,40.42,14.09,25.78,54.15,7.28,53.43,motherbeans
13.34,45.82,21.21,28.53,35.94,6.35,50.36,motherbeans
23.68,33.82,19.35,28.43,52.1,7.15,56.83,motherbeans
17.0,35.55,18.43,31.0,55.36,7.16,55.29,motherbeans
22.9,43.66,19.48,33.01,41.34,7.61,47.78,motherbeans
27.63,38.56,22.34,25.79,38.51,6.91,61.09,motherbeans
16.78,38.01,19.63,27.74,50.29,7.27,50.41,motherbeans
30.28,48.35,18.61,23.17,45.42,6.63,60.6,motherbeans
23.31,39.92,20.69,30.01,56.17,7.24,58.61,motherbeans
21.3,49.33,25.0,24.0,44.9,6.41,54.79,motherbeans
27.15,43.42,10.44,26.76,52.48,7.07,55.28,motherbeans
19.6,39.33,22.06,25.5,60.1,7.09,45.19,motherbeans
17.94,46.44,19.04,31.35,48.12,6.43,69.9,motherbeans
21.25,51.61,17.57,29.09,48.87,5.86,71.15,motherbeans
27.45,44.62,15.59,29.04,47.52,6.98,52.92,motherbeans
23.53,55.68,22.27,24.85,55.18,7.62,82.52,motherbeans
15.38,48.46,11.67,29.66,43.71,7.76,43.25,motherbeans
12.55,44.17,12.1,30.25,34.61,6.81,30.22,motherbeans
19.4,56.86,21.44,25.41,46.81,6.81,55.73,motherbeans
14.17,50.56,9.18,26.11,44.07,7.12,51.23,motherbeans
13.97,41.09,20.79,27.76,43.53,6.56,57.96,motherbeans
18.41,46.47,28.68,23.73,35.89,7.19,44.21,motherbeans
19.41,42.31,18.96,32.8,51.81,7.23,36.84,motherbeans
15.24,29.97,16.76,30.87,50.1,6.69,50.78,motherbeans
17.56,48.23,23.06,23.15,48.8,7.27,46.85,motherbeans
24.5,63.89,19.58,29.18,42.57,6.89,55.6,motherbeans
21.97,40.88,20.83,32.39,49.69,7.28,48.63,motherbeans
24.75,48.68,16.2,28.96,41.05,6.48,52.89,motherbeans
22.49,39.86,24.22,29.72,42.77,6.03,49.55,motherbeans
18.77,47.68,18.55,21.98,44.67,6.65,57.34,motherbeans
17.51,57.07,12.35,31.93,45.65,7.23,51.8,motherbeans
26.7,44.68,15.61,32.26,46.32,6.91,63.35,motherbeans
15.84,50.57,17.64,27.6,47.43,6.05,43.21,motherbeans
27.76,52.32,19.75,28.73,45.23,7.48,49.0,motherbeans
22.16,53.88,16.89,32.68,37.82,7.61,47.27,motherbeans
19.79,35.66,18.18,24.88,43.35,6.73,60.58,motherbeans
22.04,48.85,15.62,25.36,57.79,6.43,67.56,motherbeans
19.78,47.01,24.28,31.82,46.34,6.61,50.44,motherbeans
22.69,52.35,20.02,29.86,56.83,6.99,54.12,motherbeans
13.41,31.22,21.55,27.72,43.91,6.92,50.4,motherbeans
26.64,47.52,17.01,30.97,45.7,7.06,46.23,motherbeans
17.75,47.51,20.05,29.44,45.39,5.88,46.67,motherbeans
24.97,45.22,19.01,30.96,42.73,6.03,49.39,motherbeans
18.58,41.2,19.3,29.47,46.94,6.95,69.13,motherbeans
19.29,48.67,17.96,25.46,43.49,6.56,54.59,motherbeans
32.75,42.7,18.33,27.81,49.37,6.93,63.84,motherbeans
8.87,32.68,18.02,31.29,37.61,5.3,56.71,motherbeans
22.22,40.46,16.06,26.09,85.55,6.39,52.95,mungbean
6.73,41.86,15.5,28.23,82.31,7.1,34.13,mungbean
21.23,50.35,27.43,27.55,86.62,5.8,29.86,mungbean
25.22,46.97,24.71,24.88,87.6,7.63,52.36,mungbean
22.38,47.05,13.72,33.07,81.95,6.95,36.5,mungbean
15.1,55.61,18.61,33.36,84.61,5.78,56.14,mungbean
18.05,51.19,20.1,24.37,85.82,7.8,52.94,mungbean
20.71,53.45,20.84,29.63,79.54,6.82,57.28,mungbean
16.82,55.55,19.63,26.34,89.99,6.56,55.08,mungbean
19.54,46.64,21.97,29.87,75.02,6.14,56.44,mungbean
20.34,43.86,14.57,25.76,74.89,6.65,44.21,mungbean
16.17,46.59,21.46,35.28,77.44,7.28,56.78,mungbean
17.1,48.22,18.17,29.56,92.55,7.0,53.07,mungbean
18.85,38.1,19.17,32.62,77.36,6.17,50.01,mungbean
16.08,42.24,18.31,24.9,80.13,7.05,38.54,mungbean
13.01,43.22,22.93,28.41,82.68,6.72,35.03,mungbean
23.47,49.3,18.36,32.02,79.36,7.26,50.24,mungbean
19.32,46.88,19.57,32.66,79.62,6.32,57.29,mungbean
18.02,52.4,26.8,27.79,88.41,6.12,55.04,mungbean
22.0,49.84,17.42,24.02,87.52,5.67,46.46,mungbean
25.71,48.15,27.79,32.08,81.73,6.71,48.62,mungbean
13.09,41.36,17.76,22.89,85.24,6.58,35.62,mungbean
23.02,51.3,20.91,28.03,87.96,7.04,51.46,mungbean
16.88,48.66,24.78,27.21,95.49,6.44,49.26,mungbean
17.64,48.34,13.03,27.36,79.54,6.77,56.96,mungbean
24.23,32.77,28.17,29.89,81.12,6.78,50.41,mungbean
17.67,48.19,17.57,27.79,81.57,5.98,50.17,mungbean
23.93,50.09,23.28,29.97,82.34,7.12,38.14,mungbean
16.5,41.21,24.32,31.83,87.44,7.24,41.97,mungbean
22.74,46.25,23.39,28.65,83.08,6.97,56.01,mungbean
17.66,46.63,15.77,21.51,86.0,7.0,51.1,mungbean
11.25,44.89,11.13,33.11,79.57,7.33,56.57,mungbean
16.5,40.2,21.4,26.47,85.51,6.46,34.75,mungbean
9.85,48.36,17.75,27.34,88.48,7.29,46.82,mungbean
19.3,50.0,14.57,29.67,87.76,7.04,33.51,mungbean
17.19,41.73,20.4,30.44,92.48,6.45,45.02,mungbean
26.75,48.78,25.07,29.87,79.21,6.03,36.59,mungbean
24.31,54.13,27.4,31.53,90.81,6.41,39.75,mungbean
25.25,49.51,20.43,30.16,86.62,7.34,59.36,mungbean
23.72,52.07,22.06,27.62,88.78,6.0,57.43,mungbean
15.03,48.71,16.62,30.66,84.83,5.9,52.37,mungbean
18.11,52.29,20.01,30.19,80.21,6.41,45.33,mungbean
25.28,57.06,16.78,32.23,74.15,6.1,41.33,mungbean
14.24,37.5,21.65,28.36,86.9,7.05,51.12,mungbean
24.29,46.58,15.25,32.17,82.05,6.23,47.58,mungbean
16.44,44.5,21.38,30.05,80.51,6.46,57.59,mungbean
23.48,59.45,24.72,32.43,78.06,7.08,48.58,mungbean
18.25,48.01,23.78,30.5,80.61,7.07,43.9,mungbean
22.08,45.18,19.12,31.3,79.8,7.67,34.43,mungbean
18.01,49.22,22.34,28.7,84.71,6.91,47.15,mungbean
27.97,52.04,23.49,26.1,84.6,6.55,40.96,mungbean
22.8,43.77,22.62,25.79,93.6,6.25,50.75,mungbean
24.96,43.58,23.41,25.31,92.26,6.71,44.23,mungbean
19.5,51.85,17.66,26.75,83.89,6.11,63.56,mungbean
18.17,51.99,20.84,26.05,84.97,7.09,47.49,mungbean
26.97,53.13,23.68,27.62,79.6,6.39,50.57,mungbean
23.73,33.97,19.97,29.47,83.61,7.35,52.37,mungbean
27.55,45.7,23.75,33.91,91.56,6.15,46.97,mungbean
19.27,49.94,22.75,26.48,85.34,5.69,60.54,mungbean
18.44,47.34,18.76,32.44,70.81,6.69,48.15,mungbean
18.73,57.36,16.45,31.32,86.78,7.33,43.66,mungbean
17.34,53.58,21.7,24.37,82.3,6.89,55.7,mungbean
17.6,29.51,22.09,25.34,74.91,5.28,55.51,mungbean
21.64,45.65,25.56,30.91,93.08,6.0,48.72,mungbean
12.92,45.62,19.01,30.88,85.23,7.01,54.63,mungbean
31.77,45.11,16.24,29.74,80.99,7.44,46.73,mungbean
18.17,44.17,22.87,28.53,81.79,7.53,42.15,mungbean
21.18,50.91,13.47,30.44,79.72,7.11,41.3,mungbean
24.46,53.63,23.45,29.75,83.84,6.41,60.77,mungbean
17.5,40.78,22.66,26.61,80.25,5.98,45.14,mungbean
20.59,48.46,23.81,30.58,84.05,6.6,53.08,mungbean
27.36,47.76,18.12,26.02,77.77,7.03,53.62,mungbean
23.89,46.23,25.63,27.55,89.78,6.68,44.13,mungbean
23.96,49.46,21.43,29.24,84.81,7.89,58.47,mungbean
24.61,47.67,24.03,30.55,85.13,6.55,48.35,mungbean
5.15,48.26,18.05,33.78,85.1,6.11,48.6,mungbean
15.77,49.84,21.16,31.87,81.05,6.72,38.08,mungbean
24.51,50.11,21.98,29.0,87.07,7.5,46.72,mungbean
21.69,40.48,16.53,29.29,90.52,6.57,47.11,mungbean
18.97,43.79,21.18,24.51,91.4,6.37,54.78,mungbean
14.65,51.01,22.69,30.15,80.03,6.82,39.54,mungbean
19.74,53.18,23.19,29.05,80.13,7.02,49.16,mungbean
9.4,51.7,19.9,32.61,79.52,5.11,51.23,mungbean
22.46,36.86,16.09,37.27,83.47,7.07,43.79,mungbean
10.55,45.98,18.94,27.8,84.43,6.83,47.8,mungbean
14.68,49.92,12.2,22.85,88.7,6.95,48.54,mungbean
14.02,42.75,18.95,24.21,81.3,7.03,60.42,mungbean
18.9,51.54,12.34,30.98,80.98,6.85,47.02,mungbean
27.6,41.75,22.51,28.16,84.21,6.61,42.23,mungbean
20.93,46.62,20.96,29.25,88.99,7.16,40.6,mungbean
25.34,39.88,22.35,30.86,75.44,6.75,45.25,mungbean
17.21,55.11,17.39,26.58,85.38,7.04,47.87,mungbean
26.83,50.19,11.29,27.41,82.19,6.94,28.0,mungbean
33.75,50.19,20.6,32.54,96.72,7.14,56.59,mungbean
21.65,46.15,18.1,26.52,81.56,6.02,48.39,mungbean
12.58,48.15,19.85,29.44,82.39,8.24,59.88,mungbean
14.78,48.4,17.57,25.96,78.3,6.92,43.55,mungbean
25.84,52.96,25.5,26.44,87.38,7.02,45.21,mungbean
17.14,56.66,20.91,30.91,80.89,6.09,44.44,mungbean
20.38,40.61,19.96,23.93,79.4,7.04,53.83,mungbean
37.26,59.88,14.89,28.88,68.22,7.37,63.03,blackgram
31.93,68.87,15.71,28.45,71.63,7.33,69.58,blackgram
31.1,68.48,23.25,28.87,71.76,7.52,84.64,blackgram
42.14,71.11,24.66,31.34,62.49,6.82,70.39,blackgram
30.97,66.0,23.39,23.43,72.67,7.45,63.4,blackgram
43.8,67.02,23.92,32.95,58.0,7.23,65.94,blackgram
40.58,61.9,25.99,33.12,61.3,6.47,64.14,blackgram
43.04,68.68,24.01,32.37,69.85,7.13,54.11,blackgram
38.63,74.42,18.79,31.51,63.41,6.59,66.77,blackgram
42.16,62.41,18.06,27.18,70.6,6.88,82.53,blackgram
50.7,66.43,14.97,23.74,57.64,6.45,81.78,blackgram
40.81,69.73,10.12,26.41,69.44,7.11,66.53,blackgram
43.95,78.45,18.12,30.21,65.96,7.96,47.01,blackgram
44.78,66.2,21.27,28.03,64.76,7.28,99.13,blackgram
45.66,61.06,17.3,28.64,56.02,6.87,75.33,blackgram
31.08,74.34,20.95,27.8,64.29,7.64,75.34,blackgram
40.06,65.34,19.31,28.46,54.48,7.82,69.55,blackgram
42.79,66.59,16.06,29.44,57.0,7.91,55.65,blackgram
32.78,63.92,24.15,30.04,58.82,7.5,75.31,blackgram
43.77,72.01,28.58,36.56,61.57,7.65,71.83,blackgram
43.49,55.15,18.32,27.56,69.14,7.43,47.26,blackgram
39.85,74.85,18.25,32.19,66.76,7.14,65.29,blackgram
31.48,59.15,21.84,30.06,64.31,6.83,64.95,blackgram
47.33,64.65,13.64,32.23,63.98,7.01,84.08,blackgram
39.86,69.02,14.28,29.34,68.05,6.38,70.01,blackgram
40.71,67.29,23.15,31.0,72.39,6.6,69.36,blackgram
40.59,59.52,22.83,36.97,64.91,7.2,68.85,blackgram
35.0,54.25,16.18,25.82,73.52,6.95,64.54,blackgram
46.22,59.15,15.93,30.2,70.14,7.2,70.48,blackgram
40.55,69.8,19.81,26.91,65.23,6.57,68.81,blackgram
36.64,84.78,18.84,25.79,64.33,7.21,84.73,blackgram
35.87,55.92,22.27,25.86,62.82,6.9,67.3,blackgram
44.82,62.21,17.91,29.96,65.75,7.04,72.36,blackgram
45.91,69.75,20.81,25.25,65.25,7.19,75.29,blackgram
35.15,62.39,16.7,31.61,70.17,6.84,77.08,blackgram
40.86,66.13,18.15,32.24,66.63,7.91,59.48,blackgram
43.63,63.3,15.52,29.97,65.69,8.17,66.16,blackgram
32.09,68.91,10.7,29.72,65.08,7.32,77.74,blackgram
36.48,65.95,15.94,26.62,66.55,6.49,63.85,blackgram
33.03,70.85,26.21,26.1,55.73,6.95,68.16,blackgram
41.53,63.88,18.2,31.1,70.2,6.22,64.31,blackgram
41.5,60.57,25.92,28.09,64.79,7.22,62.09,blackgram
27.07,64.0,23.12,28.99,60.77,7.37,64.69,blackgram
36.43,68.05,22.08,37.15,69.14,7.46,62.94,blackgram
32.82,67.44,19.43,26.76,64.12,7.16,71.6,blackgram
43.53,69.04,16.97,28.46,59.01,7.71,68.13,blackgram
38.43,60.5,30.74,26.78,62.86,7.17,74.0,blackgram
46.71,79.65,21.02,26.83,63.72,7.12,88.68,blackgram
30.22,75.42,19.72,32.51,64.49,6.66,75.51,blackgram
44.58,73.8,18.95,28.2,57.21,7.33,72.24,blackgram
33.24,63.23,17.13,25.55,60.91,6.55,63.88,blackgram
34.83,55.61,27.09,33.76,61.1,7.11,72.17,blackgram
48.34,61.27,23.37,28.36,58.32,7.29,80.91,blackgram
58.12,58.6,21.8,28.77,68.92,6.41,55.37,blackgram
34.57,67.55,16.44,31.98,70.13,7.24,84.19,blackgram
42.91,58.48,24.45,28.18,69.55,7.63,72.57,blackgram
29.53,60.57,24.29,29.49,65.4,7.3,74.96,blackgram
41.95,65.54,17.75,32.57,67.77,6.9,78.82,blackgram
39.1,61.04,15.96,27.06,63.64,7.49,59.95,blackgram
41.32,62.4,17.96,25.47,63.9,6.92,73.4,blackgram
41.56,58.61,23.34,30.63,65.99,7.0,62.82,blackgram
41.52,70.33,12.01,28.38,63.73,7.1,79.93,blackgram
34.6,63.51,16.95,27.6,63.26,7.31,57.46,blackgram
42.99,55.09,16.75,29.01,73.37,6.89,45.99,blackgram
26.01,67.24,21.46,31.13,65.84,7.46,62.6,blackgram
46.26,55.58,15.38,24.58,63.63,6.98,69.14,blackgram
40.43,60.51,18.24,25.51,71.82,6.88,63.11,blackgram
51.12,58.3,14.5,26.71,64.66,7.17,75.4,blackgram
58.0,51.25,21.43,28.33,62.07,6.75,58.91,blackgram
51.79,72.9,19.09,34.05,57.44,6.47,46.22,blackgram
35.1,68.13,19.41,30.45,57.94,7.32,70.4,blackgram
45.13,53.75,20.25,26.44,63.01,7.21,68.91,blackgram
34.04,67.04,12.87,33.45,63.97,7.45,62.73,blackgram
36.33,61.65,22.5,27.87,68.22,6.85,48.24,blackgram
36.01,58.75,19.14,26.43,69.63,6.96,66.22,blackgram
44.59,73.75,18.92,27.69,56.13,6.73,61.83,blackgram
40.75,64.58,21.75,28.16,64.71,7.47,71.42,blackgram
39.58,62.79,16.47,27.45,62.29,7.3,65.78,blackgram
30.55,79.38,20.28,25.78,62.79,7.04,85.05,blackgram
32.24,73.83,24.6,28.11,63.61,6.59,65.97,blackgram
39.74,71.62,23.36,27.76,55.16,6.99,70.94,blackgram
41.75,64.71,19.5,34.55,66.91,6.85,63.0,blackgram
38.81,78.46,18.27,29.94,62.59,7.44,87.6,blackgram
43.15,67.58,19.15,22.85,68.73,7.05,72.28,blackgram
35.02,64.31,17.36,33.06,63.11,7.83,72.31,blackgram
31.07,66.1,16.39,23.42,73.0,7.28,73.33,blackgram
41.16,57.33,17.07,32.53,59.74,5.99,65.73,blackgram
39.01,67.95,21.91,31.91,66.29,7.48,52.81,blackgram
43.53,71.39,14.04,25.49,61.27,6.74,75.53,blackgram
35.7,61.01,16.55,33.36,65.07,6.93,66.9,blackgram
49.04,61.76,24.26,30.63,64.2,8.0,57.44,blackgram
37.52,58.37,22.81,35.07,73.35,7.49,66.02,blackgram
37.44,55.3,27.14,31.41,62.54,7.53,58.27,blackgram
42.85,65.79,21.55,29.81,57.75,7.03,78.49,blackgram
39.8,72.43,14.82,29.92,61.88,7.3,68.31,blackgram
44.83,74.61,21.77,30.82,60.01,7.0,62.67,blackgram
37.59,64.38,15.08,24.13,61.66,7.08,54.52,blackgram
40.11,80.3,23.09,34.93,66.96,7.47,60.76,blackgram
35.49,47.83,23.74,34.62,62.23,6.9,60.46,blackgram
42.68,74.87,12.03,31.23,63.62,7.05,72.59,blackgram
17.25,67.27,18.14,21.91,67.09,7.01,35.83,lentil
16.49,74.29,19.15,20.98,73.83,7.42,46.75,lentil
15.96,50.13,18.33,18.02,66.95,6.82,43.44,lentil
10.88,61.42,20.91,24.15,64.51,7.06,53.62,lentil
14.76,70.57,16.04,21.59,65.76,7.05,39.74,lentil
20.83,82.59,14.97,17.98,66.16,7.29,41.52,lentil
6.67,77.51,22.04,13.77,61.96,7.68,57.58,lentil
21.75,66.77,19.33,18.61,70.64,6.46,39.55,lentil
22.04,67.69,24.51,16.99,64.73,6.44,46.06,lentil
12.09,64.59,13.25,21.08,68.58,6.03,56.67,lentil
27.99,68.32,16.44,27.47,58.41,6.91,47.44,lentil
23.38,70.52,17.01,16.15,63.29,6.4,46.38,lentil
15.74,57.54,24.02,17.51,58.66,6.82,46.55,lentil
11.01,70.32,14.81,24.13,67.62,6.7,40.04,lentil
17.58,72.29,18.9,18.35,65.29,6.6,43.25,lentil
9.66,74.82,20.2,16.68,74.49,6.94,37.71,lentil
21.43,70.79,20.58,17.72,67.25,6.77,50.45,lentil
10.38,64.96,25.89,16.7,61.98,6.68,36.28,lentil
9.17,66.39,19.54,18.84,64.28,6.92,54.18,lentil
17.24,63.98,17.88,20.74,72.06,6.59,46.79,lentil
19.35,61.05,19.08,14.6,56.15,7.08,42.93,lentil
18.81,67.87,15.09,18.86,58.83,7.6,35.15,lentil
17.22,60.7,21.28,18.01,62.41,7.33,46.24,lentil
20.07,61.13,13.38,19.32,63.41,7.21,45.36,lentil
18.82,56.64,26.55,18.51,68.49,6.48,48.46,lentil
12.79,71.16,17.58,19.09,68.49,6.28,40.52,lentil
19.83,82.69,18.45,20.77,64.47,7.87,32.02,lentil
18.38,56.62,8.97,19.89,65.7,6.76,45.15,lentil
30.39,66.19,21.04,17.05,66.48,6.78,42.72,lentil
25.28,76.24,19.55,12.09,63.19,8.25,44.15,lentil
22.41,78.09,19.88,16.47,52.82,7.24,39.48,lentil
18.7,59.25,17.94,19.1,66.34,6.34,55.58,lentil
15.61,56.28,18.56,19.1,65.8,7.58,44.11,lentil
17.52,60.28,22.28,19.55,62.9,5.95,57.56,lentil
13.09,63.86,20.43,15.41,57.53,5.84,51.77,lentil
15.82,88.49,15.02,16.24,62.17,7.02,42.24,lentil
20.45,61.15,13.47,13.61,53.88,6.64,43.59,lentil
15.47,76.7,23.91,18.0,56.03,6.62,41.2,lentil
15.37,63.12,16.39,17.84,61.82,7.0,48.88,lentil
14.36,76.9,15.08,14.15,66.9,6.49,48.57,lentil
8.39,77.75,21.69,14.5,57.61,7.74,40.1,lentil
14.66,52.14,17.6,18.32,68.58,6.2,33.84,lentil
19.8,75.05,12.72,22.24,65.19,7.45,45.44,lentil
7.91,66.94,23.24,16.32,63.06,6.81,22.8,lentil
24.69,61.69,21.02,18.74,71.29,7.1,44.12,lentil
14.43,73.58,11.51,20.94,59.5,7.53,47.29,lentil
20.58,68.57,11.99,16.42,68.36,6.98,55.45,lentil
19.61,61.23,15.82,19.31,53.43,7.74,49.53,lentil
22.91,56.94,23.98,25.69,58.4,7.29,46.01,lentil
11.82,71.45,22.33,17.2,70.83,6.07,34.04,lentil
18.55,68.18,16.13,21.43,67.65,7.33,45.01,lentil
20.41,64.88,27.22,16.56,75.53,6.92,35.0,lentil
23.47,68.88,22.4,22.67,66.69,6.6,53.81,lentil
18.0,72.8,10.39,20.34,61.81,7.73,50.98,lentil
18.96,71.4,15.01,23.87,74.96,7.1,58.72,lentil
15.72,62.42,19.16,20.3,63.03,7.17,48.45,lentil
14.01,71.63,22.45,19.51,70.76,6.29,49.74,lentil
13.32,60.2,16.48,16.17,62.26,6.79,52.7,lentil
16.72,56.9,23.56,16.49,64.71,7.12,47.6,lentil
22.38,71.35,15.55,25.54,65.97,6.83,53.71,lentil
19.0,70.79,28.97,18.17,63.41,6.96,54.57,lentil
11.97,54.24,16.65,14.1,62.88,7.15,38.87,lentil
12.29,68.49,22.45,13.92,69.1,7.31,53.63,lentil
22.87,83.41,17.58,19.33,62.92,6.9,58.26,lentil
12.62,61.97,24.51,22.06,63.18,7.33,48.73,lentil
24.0,68.52,23.1,26.93,67.99,6.92,51.78,lentil
16.54,84.72,19.72,18.18,60.82,7.45,52.94,lentil
16.01,72.04,12.97,19.55,67.26,7.75,39.83,lentil
12.89,61.73,13.65,23.01,72.74,7.06,55.77,lentil
18.54,67.33,17.67,18.07,57.26,7.03,45.68,lentil
20.98,68.65,18.35,16.39,65.36,7.27,36.85,lentil
18.35,69.63,16.13,17.24,66.15,6.33,48.8,lentil
14.42,75.44,28.35,16.42,67.67,6.54,54.33,lentil
12.94,71.36,15.51,18.38,59.84,7.31,39.3,lentil
20.21,65.59,18.54,19.44,61.19,7.01,58.24,lentil
14.89,76.2,24.99,16.55,57.72,7.05,41.62,lentil
25.47,68.24,15.79,15.56,70.45,6.61,46.35,lentil
21.82,64.61,18.82,18.95,68.42,7.2,44.24,lentil
18.25,65.4,13.09,19.77,74.46,6.46,39.82,lentil
14.52,73.07,20.79,18.52,60.41,6.95,33.48,lentil
18.57,74.1,14.0,14.4,72.9,6.59,55.09,lentil
17.38,66.87,20.75,16.35,65.66,6.71,35.44,lentil
19.35,66.16,18.37,15.37,72.96,7.34,53.71,lentil
16.78,55.9,26.81,18.82,61.26,7.11,55.34,lentil
17.91,76.95,23.33,15.77,61.63,7.38,24.3,lentil
17.4,57.98,17.09,18.1,63.21,6.62,37.22,lentil
27.17,81.07,14.35,23.75,63.0,6.96,45.49,lentil
15.36,74.89,19.5,17.57,58.48,6.45,32.87,lentil
18.05,59.62,17.94,23.11,71.0,6.88,45.3,lentil
25.52,71.65,17.69,14.72,66.97,7.31,40.95,lentil
19.16,65.45,18.26,11.54,63.89,7.38,40.95,lentil
18.21,62.71,20.44,18.35,60.3,7.57,53.43,lentil
15.58,71.48,21.15,20.93,56.53,7.4,41.44,lentil
16.57,86.47,20.21,17.84,53.97,7.59,35.24,lentil
13.99,65.68,24.67,21.32,64.21,7.05,41.2,lentil
18.56,68.51,22.88,21.9,67.47,6.72,51.93,lentil
17.63,60.43,17.39,19.25,69.55,6.81,36.33,lentil
18.23,68.79,19.74,21.76,70.09,6.6,41.07,lentil
13.84,72.89,24.8,18.05,63.79,7.63,50.04,lentil
19.74,59.66,21.71,16.21,59.33,6.73,41.31,lentil
16.89,10.8,44.79,25.51,80.26,6.89,95.65,pomegranate
22.28,17.66,40.14,20.26,96.06,5.78,115.51,pomegranate
23.51,21.58,51.62,18.88,94.79,6.35,124.27,pomegranate
17.96,16.06,46.53,19.03,82.94,6.14,115.67,pomegranate
24.96,18.56,46.59,15.57,87.78,6.26,105.4,pomegranate
18.42,21.45,37.78,21.56,89.77,5.94,105.41,pomegranate
17.28,17.17,40.16,21.3,87.84,7.04,90.63,pomegranate
14.4,31.9,34.81,15.58,93.67,5.36,103.71,pomegranate
28.73,10.28,30.09,15.0,94.49,6.96,99.82,pomegranate
21.42,24.95,48.94,20.01,78.49,5.99,101.02,pomegranate
16.71,17.06,45.59,26.1,89.14,6.95,112.01,pomegranate
18.32,22.53,40.36,29.23,82.81,6.14,105.23,pomegranate
20.2,24.34,39.88,15.31,94.21,6.78,79.81,pomegranate
17.98,10.05,36.68,17.39,94.05,6.46,89.0,pomegranate
22.4,10.83,41.65,17.74,88.17,6.65,114.3,pomegranate
24.68,17.59,41.53,19.25,90.91,6.62,105.62,pomegranate
8.98,19.66,41.82,18.28,83.58,7.14,113.88,pomegranate
16.85,12.31,35.89,26.21,90.69,6.12,114.14,pomegranate
13.93,25.5,46.76,19.13,86.86,5.09,86.26,pomegranate
11.3,18.68,38.37,15.62,88.59,6.65,114.39,pomegranate
8.5,17.36,33.08,24.61,93.92,5.95,96.28,pomegranate
15.69,6.74,41.68,19.91,94.85,5.85,98.33,pomegranate
10.47,12.98,34.09,24.98,86.51,6.46,101.67,pomegranate
11.65,17.16,43.0,16.17,94.05,5.98,100.24,pomegranate
20.65,14.68,40.19,19.74,90.65,5.21,81.38,pomegranate
21.08,23.19,35.45,20.02,91.47,6.75,78.61,pomegranate
13.57,16.34,43.52,30.99,88.86,5.7,112.63,pomegranate
24.6,18.54,35.47,24.83,93.32,5.89,112.34,pomegranate
22.99,23.91,39.67,19.57,96.14,5.79,113.14,pomegranate
11.15,23.33,38.71,26.07,92.46,5.79,126.94,pomegranate
25.76,22.41,36.19,19.78,90.73,6.05,130.69,pomegranate
18.72,5.0,41.7,19.61,89.63,6.22,118.3,pomegranate
23.6,19.42,38.3,20.83,90.1,6.0,115.11,pomegranate
20.3,25.7,46.28,18.26,94.1,5.92,116.74,pomegranate
15.42,12.88,41.4,10.3,81.25,6.31,108.15,pomegranate
16.15,10.1,35.91,22.56,92.91,6.39,123.2,pomegranate
19.99,14.26,38.6,15.39,89.46,6.96,116.59,pomegranate
25.01,16.49,46.73,20.23,97.36,6.39,116.9,pomegranate
25.38,17.03,41.09,26.16,89.33,5.74,137.0,pomegranate
15.65,18.79,45.78,18.57,84.96,6.53,81.9,pomegranate
16.56,19.23,38.65,14.83,97.97,6.45,127.04,pomegranate
16.7,13.6,41.35,20.14,84.11,7.13,98.29,pomegranate
8.8,24.64,37.48,18.57,81.17,7.27,88.95,pomegranate
18.29,22.56,42.11,20.76,81.49,6.0,109.63,pomegranate
14.06,19.02,43.41,24.85,83.87,7.5,117.74,pomegranate
17.99,23.45,51.83,15.25,88.87,5.21,109.7,pomegranate
19.83,17.8,36.73,12.8,91.87,7.13,98.73,pomegranate
20.2,10.16,42.29,19.43,86.19,6.02,101.49,pomegranate
19.91,11.44,38.01,20.83,84.5,7.3,95.05,pomegranate
14.65,13.11,48.99,23.21,85.32,6.95,109.81,pomegranate
19.29,16.28,36.25,22.35,87.27,7.31,89.23,pomegranate
25.68,17.44,41.5,24.33,86.85,6.83,69.09,pomegranate
14.4,13.38,33.73,20.14,91.93,6.75,110.37,pomegranate
14.67,19.85,40.62,24.74,93.88,6.42,94.44,pomegranate
14.74,15.25,38.42,22.07,93.58,6.37,107.23,pomegranate
18.72,15.42,35.37,13.98,86.52,6.64,97.16,pomegranate
16.81,20.33,42.6,16.68,94.99,6.96,91.18,pomegranate
13.88,23.96,39.27,12.12,83.0,6.28,90.72,pomegranate
15.93,18.16,47.31,19.84,95.36,7.11,127.08,pomegranate
19.42,8.18,42.3,25.19,89.59,7.27,119.04,pomegranate
20.84,23.43,41.67,11.03,87.5,7.0,95.69,pomegranate
16.88,12.78,48.92,27.73,85.58,6.47,97.47,pomegranate
21.07,20.55,44.06,22.33,100.0,5.89,83.05,pomegranate
16.03,10.16,32.54,16.99,85.39,5.92,114.26,pomegranate
15.47,17.1,44.47,17.93,88.68,6.58,79.82,pomegranate
6.08,19.73,42.46,29.26,90.79,6.81,104.26,pomegranate
19.49,26.34,29.38,22.65,100.0,6.54,130.11,pomegranate
14.85,17.84,40.17,12.13,84.16,5.85,118.51,pomegranate
22.36,19.62,44.12,20.34,96.01,6.4,107.81,pomegranate
16.67,21.42,37.89,24.91,84.34,5.85,116.62,pomegranate
17.56,15.73,44.45,18.57,89.0,7.1,128.55,pomegranate
25.86,16.59,46.15,17.2,85.47,5.22,130.42,pomegranate
13.68,17.37,35.45,23.78,88.12,5.75,113.18,pomegranate
10.83,13.81,29.47,15.3,90.89,5.42,86.26,pomegranate
17.99,15.28,49.96,28.34,85.66,6.68,117.49,pomegranate
15.01,10.52,39.94,20.31,87.82,6.62,96.49,pomegranate
12.24,18.55,41.93,16.29,94.64,5.51,98.91,pomegranate
16.71,14.82,37.17,28.48,85.75,7.62,113.12,pomegranate
18.46,20.38,52.65,17.03,84.4,6.02,107.45,pomegranate
9.37,18.11,48.47,21.61,88.54,6.09,119.58,pomegranate
13.87,27.23,49.67,22.03,89.94,6.92,122.33,pomegranate
13.97,15.37,33.39,22.64,93.33,5.73,100.63,pomegranate
11.26,13.51,42.76,18.07,88.5,5.59,109.62,pomegranate
17.78,14.36,39.05,21.72,85.93,5.66,132.28,pomegranate
14.83,17.52,45.05,35.12,83.78,6.62,97.09,pomegranate
15.31,14.4,34.37,20.83,82.63,6.87,107.77,pomegranate
20.11,15.67,38.16,22.15,84.18,6.22,94.97,pomegranate
13.55,7.45,46.7,18.25,95.82,6.93,89.0,pomegranate
12.56,30.8,48.75,20.87,91.29,6.08,113.05,pomegranate
14.41,7.84,33.39,21.08,84.34,6.37,91.95,pomegranate
14.09,22.27,41.24,20.96,94.39,6.64,127.25,pomegranate
15.7,15.85,33.49,19.28,94.82,7.05,120.44,pomegranate
9.03,23.42,30.81,24.59,88.16,6.75,88.35,pomegranate
23.86,10.68,36.66,17.01,81.23,6.45,132.29,pomegranate
31.33,18.49,45.58,21.93,92.49,6.23,109.73,pomegranate
20.69,15.11,39.61,20.77,94.13,5.87,106.28,pomegranate
27.56,23.82,46.75,21.1,91.6,6.9,128.84,pomegranate
8.24,11.42,46.55,19.89,86.64,5.77,99.23,pomegranate
10.99,28.46,39.89,20.77,92.94,6.88,120.24,pomegranate
23.37,14.85,38.51,24.08,87.36,6.4,112.58,pomegranate
106.28,69.56,55.0,26.3,83.54,6.21,127.51,banana
110.83,91.43,60.11,27.87,80.16,6.25,115.25,banana
97.53,84.83,49.75,24.44,86.45,5.92,133.68,banana
87.0,78.1,50.23,30.41,82.0,6.02,89.22,banana
90.74,84.26,40.45,25.4,82.5,5.51,127.47,banana
109.79,71.0,43.47,20.14,76.09,6.21,99.21,banana
103.69,71.34,55.59,25.33,80.06,5.86,87.2,banana
90.78,88.77,52.79,30.15,81.62,5.96,80.84,banana
97.84,81.81,63.67,29.06,87.68,6.14,95.04,banana
100.94,83.65,43.43,25.85,78.97,6.54,75.87,banana
109.65,75.44,40.4,30.54,83.66,6.4,116.21,banana
116.48,85.91,48.9,28.03,86.22,5.59,95.87,banana
97.53,67.27,50.97,21.34,80.27,6.25,98.32,banana
113.42,71.78,58.34,29.03,71.42,6.98,104.11,banana
92.98,72.15,48.46,26.62,80.51,5.78,113.87,banana
96.9,68.46,48.95,19.9,81.77,5.51,107.29,banana
110.51,75.36,57.43,25.7,88.77,5.75,93.23,banana
105.5,78.95,44.11,25.57,79.78,6.44,77.92,banana
100.18,86.37,51.35,30.93,79.63,5.83,113.29,banana
100.79,79.27,53.61,25.04,76.94,5.69,123.94,banana
74.23,84.77,50.24,21.96,81.55,6.09,113.25,banana
78.79,91.56,44.84,29.06,83.71,5.55,114.25,banana
96.92,67.5,58.17,24.67,75.73,5.74,108.81,banana
99.54,85.84,40.62,24.77,79.42,6.66,103.41,banana
108.68,82.27,46.61,26.26,79.16,6.14,124.24,banana
102.88,90.31,43.25,25.76,76.38,6.03,99.97,banana
105.84,75.48,50.3,29.06,69.67,6.75,101.04,banana
83.8,83.11,50.23,26.75,84.96,6.2,109.17,banana
103.6,81.27,62.43,22.56,80.7,5.93,116.39,banana
93.25,69.79,51.1,27.84,87.45,5.39,121.17,banana
118.94,79.36,40.96,25.78,80.07,6.13,96.72,banana
112.44,74.2,37.83,30.32,68.63,5.82,148.65,banana
99.9,74.15,49.6,26.85,80.8,6.16,90.45,banana
113.5,83.72,55.09,25.12,86.43,5.8,108.89,banana
92.54,75.02,54.82,25.67,75.73,5.64,114.79,banana
94.97,81.18,50.11,21.25,72.64,6.03,94.68,banana
108.45,88.77,55.03,32.46,79.58,6.16,96.82,banana
119.62,95.89,50.08,28.16,86.8,5.84,95.81,banana
106.99,82.55,51.28,24.5,71.41,5.99,117.67,banana
98.19,92.06,45.07,23.84,79.66,5.87,115.78,banana
93.8,91.58,63.77,26.88,86.25,5.48,120.05,banana
108.38,88.04,49.89,18.14,76.79,5.65,91.3,banana
100.98,79.07,44.23,23.82,76.42,6.35,95.75,banana
95.88,78.8,52.37,28.37,64.78,6.31,125.11,banana
91.6,75.19,46.85,24.73,81.12,5.12,89.35,banana
112.31,75.5,58.7,28.07,70.95,6.15,103.35,banana
96.36,83.71,53.32,29.12,85.89,6.06,85.74,banana
96.21,102.6,55.07,34.11,86.98,6.0,109.22,banana
99.71,69.84,50.13,30.63,77.0,6.06,116.92,banana
92.72,78.84,42.87,24.53,73.56,5.54,124.87,banana
92.68,82.89,46.48,30.54,86.56,6.25,109.29,banana
98.15,73.66,63.6,24.72,83.32,6.32,97.23,banana
108.3,87.35,62.1,25.59,73.57,5.7,107.92,banana
100.47,79.25,36.64,28.41,89.86,6.09,113.53,banana
104.58,84.78,56.52,28.19,78.44,5.58,101.51,banana
102.51,79.79,52.2,28.32,84.17,6.41,106.09,banana
89.54,79.58,50.31,21.49,86.94,5.96,110.34,banana
110.92,77.59,54.02,26.67,79.08,5.59,128.32,banana
97.0,86.9,36.87,30.54,85.26,5.94,101.82,banana
103.2,98.02,37.66,29.35,75.44,5.89,101.53,banana
96.57,81.93,42.06,30.09,71.03,6.12,100.43,banana
90.63,83.42,39.1,27.12,72.89,6.08,92.06,banana
96.39,84.06,44.59,26.83,72.43,6.15,129.71,banana
122.34,82.64,55.52,21.66,87.51,6.21,98.22,banana
109.9,80.22,46.79,28.43,74.68,6.31,90.22,banana
91.6,75.63,55.32,25.15,73.26,5.66,104.55,banana
90.55,73.94,64.78,24.42,78.38,5.75,99.1,banana
104.97,88.64,47.86,23.29,86.37,5.86,129.22,banana
82.04,83.37,63.43,25.94,78.87,6.02,97.18,banana
97.5,79.64,45.61,30.69,82.31,6.0,116.32,banana
97.89,76.58,45.78,27.01,74.7,5.7,97.77,banana
117.0,62.58,48.74,32.18,80.61,6.2,106.4,banana
94.66,66.31,51.44,24.67,76.0,5.7,129.43,banana
119.24,83.52,46.75,23.47,82.34,6.61,101.54,banana
80.97,86.69,56.9,22.24,80.88,6.08,103.98,banana
93.67,89.11,47.18,22.54,69.75,6.4,113.63,banana
100.7,78.92,46.3,23.77,77.84,5.05,94.7,banana
97.51,86.27,49.72,29.38,86.75,6.32,111.59,banana
100.09,75.13,55.18,32.04,81.71,6.67,83.64,banana
90.77,87.99,51.85,30.94,79.92,5.55,102.01,banana
87.74,74.1,56.81,29.62,81.82,5.21,99.98,banana
90.2,90.24,45.91,23.74,80.15,5.64,125.77,banana
94.12,72.21,34.93,26.91,77.19,5.33,121.65,banana
105.34,81.8,59.55,28.99,75.89,5.48,116.45,banana
103.17,83.19,44.07,28.82,76.22,5.86,125.26,banana
94.71,70.99,42.63,29.98,81.27,5.85,97.87,banana
103.88,76.06,52.14,24.81,75.51,5.65,99.74,banana
99.61,83.65,24.18,24.58,78.04,6.5,89.88,banana
101.3,92.47,40.81,28.18,75.99,5.7,93.76,banana
94.15,101.05,55.91,30.31,82.46,5.26,110.53,banana
108.58,76.03,56.76,29.11,89.26,5.73,89.63,banana
97.11,92.05,37.2,20.79,80.45,5.72,105.11,banana
107.56,78.13,36.89,33.13,75.01,5.48,120.45,banana
96.92,81.56,53.38,30.25,78.33,6.51,75.1,banana
106.08,76.12,59.61,27.43,76.64,6.17,117.5,banana
105.14,74.79,46.61,26.99,79.79,6.2,76.79,banana
102.67,79.97,44.13,24.77,78.93,4.46,95.18,banana
92.99,85.73,44.36,26.35,87.71,6.3,117.63,banana
96.0,85.8,48.36,26.41,82.05,5.66,125.9,banana
98.72,86.33,60.19,30.09,72.96,6.08,116.91,banana
24.46,21.43,26.71,34.98,45.43,5.68,115.49,mango
19.76,23.37,25.61,32.33,42.0,5.7,99.33,mango
26.5,30.34,26.43,35.71,48.2,5.31,92.76,mango
27.19,27.83,30.06,37.55,41.41,5.29,73.99,mango
21.86,27.83,37.71,31.97,47.58,5.8,96.53,mango
11.64,40.55,32.6,31.84,53.69,6.08,93.17,mango
16.84,30.0,31.93,27.76,58.51,5.92,104.49,mango
26.96,27.11,31.58,34.24,45.65,5.82,96.63,mango
15.22,38.59,22.96,25.81,57.89,6.09,81.66,mango
23.04,34.34,29.85,41.4,39.66,6.08,110.16,mango
24.46,25.98,28.55,32.78,54.89,6.04,108.52,mango
14.91,25.86,25.3,29.46,56.09,5.84,128.89,mango
20.97,27.3,30.53,28.45,49.65,6.25,96.48,mango
16.03,22.37,27.75,31.3,57.16,5.26,90.84,mango
20.72,17.83,25.83,28.28,45.22,5.88,92.91,mango
17.22,29.14,38.62,37.56,38.46,6.03,92.69,mango
20.78,25.01,30.59,31.61,46.53,5.44,89.17,mango
21.17,29.99,34.27,29.02,51.7,6.19,110.15,mango
19.71,25.9,30.96,26.4,48.84,6.1,103.35,mango
18.65,28.09,25.88,33.81,49.53,5.69,90.3,mango
19.69,24.76,33.29,29.42,59.56,6.39,83.41,mango
20.35,23.75,28.37,39.01,48.15,5.94,102.04,mango
15.0,22.72,23.97,27.46,32.9,6.02,121.7,mango
20.74,19.92,26.79,29.16,43.89,6.14,105.53,mango
14.22,30.63,37.63,38.61,67.19,5.44,131.71,mango
18.23,24.04,31.64,28.67,52.39,5.27,91.9,mango
26.43,26.71,30.71,32.9,57.02,5.14,102.6,mango
18.66,27.83,35.3,26.22,43.92,5.03,87.86,mango
26.65,26.4,23.3,29.06,41.07,5.35,100.05,mango
14.13,32.56,29.64,31.34,48.33,6.11,105.18,mango
21.68,29.82,28.94,33.17,47.97,5.8,91.43,mango
17.71,23.55,32.34,36.24,57.03,5.3,111.76,mango
18.41,30.0,25.47,31.57,51.88,5.21,102.91,mango
26.73,26.13,36.8,30.24,55.1,4.91,126.44,mango
27.48,25.58,20.14,32.15,41.34,5.98,100.35,mango
15.29,32.6,34.03,34.9,50.05,5.23,107.71,mango
18.65,20.05,36.76,39.4,49.75,6.66,96.19,mango
18.1,23.85,38.19,27.88,54.41,5.58,89.02,mango
25.15,25.1,27.98,35.53,59.58,6.06,86.49,mango
17.45,27.4,31.6,27.05,54.34,5.83,72.7,mango
15.36,24.48,29.64,38.56,51.43,5.46,97.87,mango
18.24,28.62,32.9,35.84,49.85,6.46,106.8,mango
16.46,38.05,31.63,27.66,59.92,6.63,94.57,mango
17.48,26.14,33.57,36.11,53.42,5.84,114.47,mango
18.44,32.15,28.56,32.72,49.32,5.78,90.09,mango
26.72,23.34,26.3,39.48,55.87,4.85,87.65,mango
10.94,22.25,14.31,30.45,43.15,5.82,73.87,mango
20.41,24.93,37.51,36.65,54.71,5.67,120.81,mango
12.23,19.98,29.58,40.02,48.79,5.73,76.26,mango
24.73,31.77,33.95,28.48,45.76,5.28,96.09,mango
14.6,21.11,27.88,29.04,46.77,5.99,96.03,mango
18.56,27.92,25.04,31.42,50.9,5.2,107.94,mango
15.59,27.45,35.82,34.7,50.21,5.66,107.32,mango
23.37,23.91,26.03,22.71,50.92,5.77,109.77,mango
21.8,33.67,26.51,35.55,46.83,6.11,76.04,mango
21.18,17.08,28.66,32.76,46.87,5.38,106.0,mango
19.48,24.55,30.21,41.55,56.92,6.27,100.66,mango
20.83,15.02,26.61,29.08,38.75,5.34,69.25,mango
19.81,31.09,35.53,32.66,44.22,5.03,72.16,mango
13.66,22.56,29.2,26.94,52.03,5.71,95.14,mango
25.7,21.1,32.09,30.94,48.0,6.15,106.43,mango
15.27,26.09,31.41,29.91,53.51,5.91,118.82,mango
12.35,26.39,25.46,33.42,40.3,5.94,86.81,mango
16.33,19.77,27.67,35.34,49.85,6.05,116.64,mango
21.32,24.21,32.34,28.82,46.97,5.19,107.04,mango
18.07,27.91,24.82,32.74,45.43,5.74,106.41,mango
23.95,26.89,21.16,42.97,60.48,6.09,85.21,mango
19.43,24.28,36.32,32.05,45.3,5.61,109.58,mango
28.0,34.64,33.79,29.99,30.55,5.92,94.98,mango
20.7,27.27,23.37,33.23,53.79,6.07,107.31,mango
23.02,24.95,29.65,31.36,50.65,6.2,103.37,mango
30.39,38.03,30.4,15.65,57.42,5.58,84.58,mango
18.01,24.77,33.06,24.76,43.53,5.94,103.1,mango
23.21,23.06,25.11,28.97,51.44,6.39,68.38,mango
18.9,20.34,21.74,34.87,53.27,5.98,106.97,mango
17.6,24.84,40.93,30.01,54.41,5.8,70.97,mango
9.78,24.11,35.28,34.15,55.48,5.41,116.01,mango
15.18,28.06,29.95,30.3,58.03,5.52,77.46,mango
20.1,25.0,46.89,33.71,47.54,5.38,70.56,mango
14.87,27.57,37.14,35.49,51.37,5.67,98.49,mango
17.41,35.59,29.05,30.65,36.71,5.72,105.87,mango
14.66,23.25,33.96,25.09,56.35,5.59,89.95,mango
14.38,28.89,42.3,34.13,44.81,6.25,90.88,mango
26.87,31.03,15.28,26.98,55.67,5.86,81.69,mango
16.83,17.47,29.56,39.84,54.83,6.68,106.47,mango
25.14,36.87,31.89,30.25,56.2,6.38,88.76,mango
16.39,27.69,34.16,34.19,41.45,6.56,86.66,mango
18.67,22.49,43.49,31.97,44.89,6.15,105.0,mango
19.06,31.2,25.87,29.03,37.94,5.27,118.5,mango
28.21,27.33,38.31,30.36,48.54,5.82,93.38,mango
18.92,32.72,30.75,33.85,56.19,5.96,82.39,mango
13.24,27.74,29.14,31.35,49.9,6.83,77.71,mango
10.05,28.66,28.12,32.26,53.5,6.31,75.41,mango
17.22,29.14,33.85,39.77,55.73,5.78,83.42,mango
17.18,24.04,33.28,32.03,42.06,5.63,106.41,mango
21.76,29.84,31.91,37.51,51.42,5.65,83.1,mango
21.25,14.8,29.08,30.18,41.81,5.43,105.53,mango
21.15,27.51,31.53,31.37,57.46,5.85,76.04,mango
28.15,28.85,27.05,25.99,52.38,5.75,115.46,mango
18.27,22.81,34.48,34.7,51.01,6.07,94.51,mango
24.17,140.15,205.0,22.32,87.76,5.05,91.57,grapes
14.47,127.61,199.67,22.41,86.03,5.58,71.87,grapes
20.11,134.07,199.48,23.37,78.25,5.8,72.16,grapes
27.72,127.81,193.05,25.45,80.84,6.33,59.04,grapes
14.1,128.27,193.87,22.68,77.82,6.3,65.83,grapes
23.75,133.1,201.56,22.9,83.55,5.68,84.39,grapes
21.82,122.82,201.5,19.6,84.33,6.88,60.35,grapes
24.66,119.71,203.63,19.46,77.88,5.56,77.05,grapes
28.04,132.16,193.08,29.36,77.25,5.14,74.04,grapes
17.48,138.92,196.95,25.41,88.01,5.52,62.77,grapes
22.62,142.76,194.73,20.62,83.39,5.77,70.68,grapes
15.24,147.5,189.22,21.71,80.84,6.77,54.43,grapes
32.92,137.3,203.34,19.06,83.86,5.71,82.93,grapes
18.14,131.21,195.56,19.05,84.71,6.21,82.3,grapes
14.1,139.45,220.04,21.19,90.48,5.89,53.9,grapes
21.47,139.34,193.29,20.6,83.97,6.0,75.43,grapes
24.19,135.36,196.54,23.93,76.36,6.52,62.02,grapes
28.64,130.36,201.62,21.02,75.92,5.3,57.39,grapes
21.38,133.48,208.08,21.22,76.59,5.42,74.28,grapes
29.92,140.86,205.68,25.55,89.49,6.13,76.11,grapes
21.4,122.47,194.53,22.96,81.3,6.77,69.89,grapes
28.89,128.95,197.51,17.68,77.29,6.21,69.08,grapes
27.71,133.27,197.18,31.59,80.53,6.47,64.59,grapes
26.55,138.5,201.67,13.58,81.09,6.49,74.8,grapes
25.23,119.94,194.24,24.65,83.05,6.49,67.41,grapes
25.03,132.11,192.1,13.98,83.16,6.07,62.2,grapes
14.9,136.41,197.87,25.23,90.32,5.14,61.3,grapes
21.95,142.18,186.91,30.74,81.68,5.96,66.82,grapes
20.82,139.34,191.45,24.38,79.08,5.7,97.45,grapes
25.1,136.29,209.1,17.31,89.76,5.0,60.54,grapes
20.7,136.07,201.75,22.33,80.94,5.61,52.53,grapes
26.63,136.86,212.68,19.84,84.46,5.89,82.1,grapes
28.11,133.48,197.28,26.84,84.23,5.73,54.39,grapes
21.56,142.61,209.17,18.55,75.16,6.51,56.51,grapes
25.55,127.69,212.94,19.92,86.72,6.07,71.77,grapes
13.15,116.58,198.24,23.99,75.37,5.56,75.18,grapes
25.81,131.04,206.24,18.3,79.22,6.66,69.75,grapes
23.63,148.14,188.81,26.19,89.32,5.87,78.46,grapes
18.09,127.19,203.08,26.19,86.6,6.63,68.26,grapes
28.97,129.6,207.22,23.83,83.23,6.17,51.35,grapes
17.38,132.72,186.5,26.32,85.36,6.13,56.67,grapes
29.9,146.26,201.18,25.04,82.01,6.21,67.68,grapes
22.83,138.34,218.76,17.4,80.48,5.53,86.51,grapes
20.06,121.9,205.11,29.98,84.32,6.08,73.5,grapes
30.07,125.88,199.11,21.19,75.16,5.87,81.18,grapes
25.83,136.51,201.17,25.09,77.0,5.88,71.11,grapes
24.39,134.24,198.89,21.49,96.79,6.36,73.54,grapes
21.83,128.84,198.95,24.17,71.6,5.37,61.99,grapes
24.04,130.33,211.82,17.07,77.24,6.61,70.44,grapes
27.42,146.36,194.45,22.6,79.64,5.22,65.59,grapes
27.41,135.78,204.95,21.5,77.72,6.51,63.53,grapes
24.47,133.14,211.69,26.89,74.52,5.52,75.37,grapes
22.68,128.81,208.13,23.75,81.26,6.31,64.87,grapes
30.84,126.48,205.26,28.74,74.11,5.86,81.56,grapes
28.79,130.8,194.12,26.82,86.92,5.53,55.76,grapes
24.13,136.41,197.61,25.72,77.45,5.15,64.34,grapes
23.32,130.07,190.73,15.74,78.43,6.36,82.82,grapes
28.94,126.29,190.77,24.99,84.18,6.16,46.85,grapes
18.67,131.79,203.9,26.07,81.72,6.13,69.93,grapes
26.43,134.19,200.53,21.93,81.41,6.19,71.94,grapes
24.9,141.4,202.12,20.4,85.42,5.45,57.1,grapes
24.68,135.61,190.04,21.47,77.97,5.81,79.38,grapes
26.53,131.87,195.63,17.6,88.1,6.24,61.23,grapes
26.6,131.51,197.7,24.74,77.29,5.86,70.34,grapes
20.5,136.68,214.95,19.98,72.67,5.2,67.34,grapes
19.68,133.46,201.06,16.59,71.93,6.12,70.49,grapes
20.87,120.4,203.77,28.09,82.39,5.66,69.49,grapes
16.17,139.41,200.65,15.93,79.5,6.19,65.34,grapes
21.62,123.43,204.53,20.41,70.22,5.85,79.79,grapes
21.07,144.17,203.43,24.36,80.36,5.97,66.1,grapes
21.49,135.72,192.51,18.7,75.38,6.82,74.83,grapes
24.52,124.6,204.99,22.53,82.07,5.61,70.76,grapes
20.88,126.64,205.87,16.85,83.82,6.27,59.32,grapes
18.9,130.44,202.26,22.39,83.17,6.71,63.42,grapes
14.42,137.78,213.47,24.57,75.56,5.95,56.7,grapes
26.21,122.54,197.6,18.98,81.63,5.85,70.94,grapes
23.11,125.09,205.02,22.8,76.06,6.9,74.24,grapes
22.23,141.91,214.73,22.42,82.74,5.6,67.38,grapes
22.0,133.29,202.66,25.24,82.19,5.52,58.68,grapes
20.27,130.02,208.41,18.35,79.21,6.38,65.7,grapes
25.3,131.02,202.05,22.09,84.34,5.38,65.0,grapes
24.48,135.74,211.94,21.44,88.4,5.74,83.62,grapes
27.09,125.61,202.46,22.8,84.13,5.91,65.62,grapes
29.85,131.31,206.61,22.1,89.33,5.73,62.24,grapes
30.62,128.89,212.81,26.57,80.23,5.27,68.79,grapes
23.51,140.17,212.71,20.26,85.01,6.31,80.81,grapes
25.49,118.4,198.76,18.38,79.99,6.39,72.36,grapes
28.74,134.39,189.61,12.92,81.74,5.91,58.25,grapes
14.5,126.86,198.44,25.66,81.94,6.64,57.61,grapes
27.41,132.33,205.56,21.25,86.36,6.12,61.53,grapes
22.94,130.32,203.91,18.28,80.85,6.16,69.36,grapes
29.73,137.42,199.94,23.87,82.48,6.16,48.92,grapes
21.49,121.61,210.23,22.76,80.03,6.36,73.65,grapes
17.36,131.5,197.32,16.02,77.55,5.93,67.74,grapes
15.59,140.06,199.18,23.15,83.0,5.68,74.02,grapes
21.16,125.72,204.59,28.97,84.62,6.37,63.27,grapes
15.01,142.43,216.44,29.17,79.32,5.54,57.28,grapes
14.58,131.25,212.85,22.43,82.51,6.55,64.55,grapes
33.18,145.94,198.95,20.69,84.49,5.86,56.28,grapes
29.41,140.52,201.24,17.95,74.85,6.04,63.5,grapes
96.61,22.11,54.4,30.51,80.05,6.36,57.83,watermelon
102.14,24.66,52.52,32.39,87.7,6.92,48.09,watermelon
99.1,21.55,59.68,27.92,84.58,7.05,31.27,watermelon
89.04,20.41,50.08,27.42,85.32,6.73,43.67,watermelon
102.99,21.97,57.32,33.05,86.22,6.61,37.29,watermelon
95.28,16.03,56.3,22.56,88.98,6.5,49.41,watermelon
100.74,15.04,47.43,18.18,83.76,6.31,46.36,watermelon
101.92,20.29,51.39,28.98,87.88,6.38,46.83,watermelon
101.19,19.87,58.39,29.76,82.29,6.46,57.04,watermelon
106.48,21.69,49.62,19.98,80.01,6.61,54.08,watermelon
91.31,17.22,53.79,20.4,90.52,6.35,62.32,watermelon
95.27,11.87,47.25,24.62,83.06,6.41,54.01,watermelon
97.8,16.67,39.74,26.57,84.55,7.14,42.54,watermelon
86.34,20.09,52.08,20.97,77.35,7.11,63.73,watermelon
81.59,14.71,59.99,23.1,82.55,6.39,40.91,watermelon
87.07,22.26,38.94,25.99,89.43,5.92,42.68,watermelon
107.49,19.66,46.3,29.81,91.03,6.61,42.9,watermelon
96.11,18.43,48.87,28.76,77.35,5.9,52.63,watermelon
95.56,13.86,39.39,25.08,84.74,6.76,51.62,watermelon
98.07,22.89,42.13,27.15,76.64,6.16,40.09,watermelon
104.47,16.67,49.92,20.57,83.5,6.19,54.45,watermelon
92.06,23.65,39.95,21.77,93.39,6.33,39.17,watermelon
100.53,14.62,44.98,20.62,98.84,6.4,33.67,watermelon
109.46,20.06,45.4,21.27,88.37,6.4,33.67,watermelon
111.51,14.83,58.97,30.11,79.99,6.91,45.14,watermelon
85.93,14.88,52.39,23.15,83.46,6.96,51.96,watermelon
93.1,20.51,51.19,14.91,87.14,6.66,51.18,watermelon
105.24,13.64,52.02,18.73,87.04,7.28,42.05,watermelon
93.68,13.45,50.78,20.75,87.11,6.84,55.81,watermelon
86.62,21.98,55.62,28.32,86.86,6.59,60.29,watermelon
112.46,12.23,56.47,24.66,84.35,5.89,48.44,watermelon
92.02,14.68,43.41,23.2,82.97,6.54,36.47,watermelon
88.88,18.81,45.22,29.3,86.13,6.74,63.7,watermelon
96.83,14.13,55.23,27.04,84.06,7.06,49.09,watermelon
99.23,17.11,44.39,25.31,91.98,6.68,51.28,watermelon
97.87,18.65,54.5,27.44,83.34,6.63,55.32,watermelon
91.95,17.84,37.03,26.93,88.3,6.8,47.44,watermelon
101.16,24.12,58.48,24.88,85.7,6.94,37.49,watermelon
96.74,23.68,55.85,26.48,77.47,6.48,45.69,watermelon
101.32,12.95,43.85,16.74,91.11,6.34,52.41,watermelon
98.98,11.66,42.45,20.98,81.38,6.65,43.84,watermelon
111.23,22.14,54.85,24.52,92.57,6.41,50.72,watermelon
100.19,20.51,53.82,23.1,82.34,6.76,57.44,watermelon
96.25,9.06,48.76,27.49,94.03,6.02,47.16,watermelon
96.27,23.78,49.79,21.37,87.79,6.34,39.98,watermelon
92.75,25.67,52.31,25.43,83.75,6.62,53.52,watermelon
101.05,17.57,55.21,25.09,80.11,6.26,33.19,watermelon
113.19,21.31,45.02,23.87,81.82,7.12,38.22,watermelon
99.8,16.46,54.96,24.58,76.21,6.4,42.25,watermelon
99.56,24.17,39.56,21.8,82.24,6.35,57.66,watermelon
97.79,19.08,46.25,25.92,88.89,6.21,58.03,watermelon
99.37,22.23,48.79,26.52,84.8,6.46,53.33,watermelon
102.76,10.75,58.6,17.56,81.58,6.46,54.71,watermelon
110.03,7.71,46.95,16.49,85.16,6.61,65.32,watermelon
99.84,22.22,53.5,23.26,77.96,6.61,37.57,watermelon
108.07,16.19,57.17,23.08,86.34,6.58,50.59,watermelon
95.97,18.96,44.44,20.16,91.21,6.79,51.59,watermelon
110.66,15.66,57.94,25.7,79.88,7.24,59.92,watermelon
98.15,20.64,47.58,28.32,73.04,6.09,59.81,watermelon
97.25,18.04,41.92,32.39,90.95,6.42,47.36,watermelon
106.21,26.91,55.72,33.69,80.39,6.17,40.3,watermelon
102.09,17.88,49.09,28.24,91.16,5.89,45.63,watermelon
104.74,14.66,45.21,29.07,78.55,6.38,53.96,watermelon
94.98,20.92,46.59,30.63,84.37,6.77,57.71,watermelon
94.61,6.73,52.16,25.29,87.78,6.41,47.13,watermelon
113.06,9.64,54.4,22.7,83.32,6.37,43.77,watermelon
103.0,23.95,52.82,25.41,80.07,6.71,70.41,watermelon
96.34,15.12,46.63,23.04,71.27,6.66,43.39,watermelon
87.73,20.77,43.51,23.65,92.33,5.94,37.21,watermelon
100.89,22.75,40.55,26.63,87.9,5.68,58.19,watermelon
105.14,15.44,57.51,29.55,85.52,6.32,42.24,watermelon
98.74,19.85,48.05,16.21,91.34,6.58,47.58,watermelon
105.0,24.62,33.19,26.74,77.87,6.7,52.15,watermelon
103.45,14.5,38.76,23.2,87.03,6.91,40.45,watermelon
106.19,13.76,52.17,22.96,85.91,6.86,39.96,watermelon
94.24,17.92,64.41,21.55,95.2,7.3,50.12,watermelon
96.91,13.54,49.59,19.37,84.62,7.1,45.5,watermelon
97.31,8.49,52.24,26.06,85.32,6.41,48.37,watermelon
102.51,16.86,51.89,25.86,90.62,6.77,52.74,watermelon
109.63,19.1,57.83,27.43,75.79,7.02,52.22,watermelon
98.64,18.41,47.93,25.91,82.04,7.01,49.98,watermelon
96.32,12.38,51.61,25.75,86.94,6.09,36.59,watermelon
103.38,24.42,43.84,31.36,86.42,6.5,47.42,watermelon
89.31,21.94,45.35,21.88,89.96,5.75,37.29,watermelon
98.87,18.47,52.91,23.79,97.65,6.41,48.92,watermelon
93.42,17.62,53.69,29.81,77.55,6.4,55.02,watermelon
103.11,17.03,53.25,21.76,92.79,6.9,38.9,watermelon
91.47,11.77,54.07,19.86,83.34,6.68,50.4,watermelon
100.81,11.67,53.57,22.55,83.38,6.6,51.93,watermelon
99.17,13.25,48.2,25.01,78.12,6.31,54.49,watermelon
90.06,22.78,57.62,20.02,91.79,6.44,54.77,watermelon
95.52,21.62,52.44,21.74,79.17,5.92,52.69,watermelon
103.01,20.25,49.29,20.37,81.59,6.96,46.64,watermelon
100.0,11.62,52.02,23.17,90.23,6.81,46.54,watermelon
98.11,14.24,41.48,21.57,85.99,6.63,52.34,watermelon
96.89,21.67,50.38,27.81,76.13,4.93,53.55,watermelon
89.03,15.94,48.19,31.35,87.0,6.57,58.53,watermelon
101.58,14.71,56.43,20.56,86.62,5.88,52.84,watermelon
100.35,25.38,40.61,22.6,89.11,6.63,52.62,watermelon
92.31,14.05,57.47,24.79,86.88,6.45,40.35,watermelon
106.54,19.52,63.83,24.94,96.11,5.78,25.79,muskmelon
106.84,6.64,48.77,26.75,88.49,6.45,30.6,muskmelon
99.07,18.03,50.69,29.01,86.55,6.74,26.48,muskmelon
102.76,12.97,47.24,28.3,84.33,5.62,22.0,muskmelon
103.66,13.73,43.89,25.74,89.72,6.16,35.83,muskmelon
107.38,22.12,57.01,25.0,85.89,5.86,31.67,muskmelon
96.17,10.74,47.41,28.05,93.34,6.4,20.86,muskmelon
104.8,13.8,49.06,31.75,88.79,6.07,27.96,muskmelon
94.0,15.08,53.33,37.22,95.03,6.49,27.65,muskmelon
92.49,17.58,49.82,30.29,92.58,6.45,23.44,muskmelon
100.41,10.86,48.08,34.56,93.59,6.29,34.48,muskmelon
90.47,11.45,60.28,29.18,90.79,5.82,27.24,muskmelon
103.81,11.53,49.16,27.66,93.28,5.85,31.26,muskmelon
106.41,15.18,48.7,28.45,88.11,6.12,23.65,muskmelon
111.29,21.73,55.61,30.48,86.41,6.28,29.85,muskmelon
91.19,20.18,63.94,33.25,99.07,6.39,29.84,muskmelon
94.98,20.98,53.93,30.16,98.58,6.08,24.06,muskmelon
100.67,11.85,51.36,22.12,97.23,6.32,22.4,muskmelon
94.16,15.83,54.13,31.19,88.47,5.96,28.28,muskmelon
94.94,17.3,50.74,30.25,96.29,5.79,15.44,muskmelon
96.03,26.01,62.13,36.32,91.04,5.59,13.28,muskmelon
95.7,16.01,57.8,32.47,93.14,5.94,20.2,muskmelon
101.78,20.49,52.35,24.86,95.25,6.47,19.65,muskmelon
94.51,20.44,48.59,35.36,94.51,6.11,24.95,muskmelon
100.44,13.36,44.52,31.81,96.23,6.54,32.58,muskmelon
96.21,25.37,44.59,24.95,83.2,6.12,22.48,muskmelon
103.68,18.22,42.84,27.43,90.14,5.59,20.1,muskmelon
94.6,24.17,51.15,31.65,84.51,6.78,31.51,muskmelon
86.01,13.47,52.97,31.58,88.61,6.18,22.01,muskmelon
100.77,22.99,45.37,33.0,88.09,5.96,29.09,muskmelon
106.45,21.26,42.11,27.14,96.11,6.32,19.63,muskmelon
103.21,13.43,60.77,35.18,95.02,6.84,25.32,muskmelon
105.36,24.39,51.47,27.98,83.48,6.27,29.12,muskmelon
106.62,19.52,46.75,21.09,89.52,6.18,23.44,muskmelon
104.33,26.93,50.74,28.13,90.7,6.35,20.86,muskmelon
100.84,19.25,51.26,30.83,94.17,5.59,28.18,muskmelon
95.3,11.52,43.37,30.73,90.89,5.63,27.39,muskmelon
89.92,17.7,51.43,32.54,100.0,5.75,24.74,muskmelon
98.07,19.17,51.29,27.59,89.8,5.85,29.94,muskmelon
103.21,21.59,48.14,26.37,86.61,6.44,19.8,muskmelon
112.94,10.46,51.64,35.27,95.0,6.37,20.16,muskmelon
90.33,20.85,59.04,27.24,86.3,5.32,20.1,muskmelon
99.2,25.0,54.04,30.22,90.0,6.07,32.03,muskmelon
101.41,6.49,45.96,25.57,89.27,6.53,24.46,muskmelon
99.46,23.57,45.82,36.46,88.64,6.34,23.59,muskmelon
100.86,19.22,52.6,25.99,86.39,7.3,22.58,muskmelon
104.89,8.96,48.32,28.49,94.36,5.21,25.83,muskmelon
91.95,18.62,43.78,25.58,90.63,5.88,22.62,muskmelon
91.65,7.83,56.11,23.82,91.11,6.6,21.93,muskmelon
94.22,18.13,56.71,24.32,91.25,5.61,23.03,muskmelon
100.24,12.73,47.26,23.37,92.39,6.72,19.51,muskmelon
95.64,19.51,57.27,23.03,91.16,6.41,24.49,muskmelon
82.66,19.51,59.12,29.47,86.84,6.09,33.85,muskmelon
106.37,20.2,52.14,26.36,91.0,6.27,27.75,muskmelon
110.56,22.59,41.48,29.9,95.68,6.55,21.85,muskmelon
120.4,10.61,43.5,29.93,100.0,5.97,23.67,muskmelon
107.54,16.91,47.99,31.26,93.36,6.71,31.46,muskmelon
102.15,18.46,51.28,30.96,92.28,6.3,30.98,muskmelon
110.61,9.46,50.06,26.25,90.45,6.46,28.35,muskmelon
99.22,7.43,44.21,32.59,78.3,6.77,27.61,muskmelon
109.21,16.01,37.63,30.72,98.37,6.67,21.69,muskmelon
100.61,14.34,45.08,32.82,86.01,5.94,19.48,muskmelon
89.57,17.73,56.97,28.26,84.47,6.64,33.43,muskmelon
95.48,14.61,53.09,35.49,89.4,5.77,28.16,muskmelon
105.59,17.03,46.65,32.98,94.64,5.99,25.25,muskmelon
90.54,20.43,48.43,27.26,91.84,6.32,29.47,muskmelon
104.14,16.22,54.58,30.6,89.87,6.25,24.26,muskmelon
103.54,15.16,47.66,36.88,96.7,6.0,27.85,muskmelon
100.83,18.96,50.82,33.76,93.73,6.28,30.21,muskmelon
101.63,17.61,51.88,28.63,92.05,6.07,21.24,muskmelon
93.01,10.04,44.72,28.3,92.52,6.19,13.22,muskmelon
111.02,22.43,52.67,36.63,87.11,7.06,20.17,muskmelon
101.67,10.63,50.09,30.54,91.23,6.59,25.5,muskmelon
96.34,14.17,54.87,26.39,96.58,6.79,16.66,muskmelon
107.93,27.3,51.51,31.4,97.19,6.19,25.91,muskmelon
90.8,17.69,52.99,31.06,97.33,5.99,22.34,muskmelon
113.27,16.25,51.2,28.73,87.89,6.95,22.36,muskmelon
92.11,14.75,37.99,26.39,87.16,6.55,21.63,muskmelon
106.21,23.99,54.69,28.14,92.71,5.69,24.33,muskmelon
93.98,20.47,65.44,31.0,82.04,6.16,25.61,muskmelon
100.61,13.35,51.47,24.03,87.28,6.56,19.92,muskmelon
103.77,10.15,60.59,25.9,90.88,6.43,22.17,muskmelon
101.0,19.88,55.76,32.17,91.14,6.24,36.75,muskmelon
106.65,12.39,50.6,27.66,91.32,5.81,22.94,muskmelon
112.68,19.9,35.05,33.87,97.45,6.16,28.59,muskmelon
93.98,14.65,58.99,27.91,82.65,6.27,24.61,muskmelon
108.39,17.07,47.47,33.18,92.6,6.0,30.77,muskmelon
101.36,17.01,51.07,24.72,89.36,6.3,24.03,muskmelon
108.91,18.09,55.13,29.04,97.28,6.46,25.07,muskmelon
99.91,12.23,53.04,28.84,89.49,6.74,18.75,muskmelon
97.04,22.14,51.89,28.81,93.26,6.37,17.42,muskmelon
97.56,25.08,46.04,27.73,89.29,6.27,22.08,muskmelon
103.41,17.99,54.64,24.8,90.3,6.21,27.28,muskmelon
94.45,21.58,57.12,25.04,89.55,6.09,38.16,muskmelon
96.99,25.39,42.4,25.04,88.57,5.96,23.66,muskmelon
95.04,12.9,56.95,33.9,96.75,6.51,25.46,muskmelon
96.52,12.23,52.18,24.31,87.03,6.76,34.5,muskmelon
102.75,22.53,48.52,23.65,95.06,6.53,25.36,muskmelon
98.3,21.81,44.09,25.9,86.96,6.33,19.56,muskmelon
95.21,13.47,48.44,23.05,92.44,6.8,25.68,muskmelon
28.71,143.34,206.22,22.3,92.11,6.21,107.12,apple
11.59,137.44,190.95,18.15,92.0,5.86,91.82,apple
21.83,140.76,190.97,27.09,84.2,6.75,106.83,apple
21.73,120.76,199.5,22.91,91.57,5.67,98.8,apple
26.65,134.22,212.33,19.89,89.83,6.23,88.66,apple
14.93,141.68,190.62,14.72,100.0,5.34,115.76,apple
21.35,114.33,197.86,23.79,93.77,6.26,107.19,apple
24.56,129.17,188.72,16.81,84.69,6.3,90.28,apple
22.37,132.14,199.18,27.45,89.81,6.14,113.56,apple
20.24,150.1,188.47,27.16,95.28,5.71,137.44,apple
11.76,130.35,190.33,23.65,86.43,6.07,110.2,apple
18.6,136.72,197.85,17.65,100.0,5.71,79.74,apple
16.79,125.13,206.61,23.29,93.99,5.75,108.81,apple
19.15,133.43,206.68,23.34,94.5,6.1,126.27,apple
22.44,136.51,209.51,19.34,87.72,5.43,115.74,apple
11.73,137.24,199.13,26.54,88.64,5.82,129.83,apple
27.92,129.24,201.45,23.18,93.87,5.79,132.22,apple
11.55,131.05,203.58,23.83,98.76,6.38,108.72,apple
27.5,129.0,207.45,29.24,98.07,5.94,108.02,apple
13.36,136.17,191.08,18.83,86.05,5.72,112.58,apple
22.37,129.8,208.55,21.17,88.06,5.99,142.45,apple
22.68,131.46,187.78,21.12,93.17,5.74,88.02,apple
16.75,144.18,211.47,18.45,95.36,5.43,134.06,apple
22.23,140.65,186.28,24.71,91.96,6.24,126.72,apple
21.33,129.79,206.24,21.76,87.64,5.53,90.84,apple
18.45,141.72,201.42,19.88,96.02,5.57,114.43,apple
20.1,139.45,187.38,18.6,83.81,5.8,131.17,apple
18.47,130.43,206.97,26.27,91.56,6.17,96.85,apple
27.89,149.04,204.17,13.66,89.21,6.15,106.68,apple
27.36,138.12,194.35,22.13,87.53,5.83,104.68,apple
26.87,148.81,188.55,14.31,90.77,5.29,113.69,apple
24.74,144.46,201.61,21.23,82.11,5.91,114.07,apple
24.19,129.04,196.52,16.09,80.54,5.46,89.45,apple
22.68,130.37,195.69,18.06,75.84,6.5,98.0,apple
18.94,123.82,207.78,22.57,87.87,5.74,138.17,apple
20.64,132.73,192.47,14.42,91.2,6.03,129.49,apple
9.76,126.12,195.35,21.99,91.27,5.85,119.12,apple
16.48,140.54,203.47,20.72,100.0,6.52,126.99,apple
5.91,145.05,206.36,30.03,98.19,6.53,126.18,apple
27.74,147.96,201.73,15.71,90.46,6.06,114.12,apple
14.77,122.58,194.07,25.23,99.9,6.27,128.86,apple
20.6,121.81,196.36,20.96,89.51,5.92,119.62,apple
25.27,132.05,184.77,20.07,92.22,6.39,104.48,apple
23.56,136.03,200.35,25.72,88.7,5.67,112.82,apple
17.8,137.56,194.29,22.91,91.5,5.99,106.1,apple
19.3,134.67,201.62,21.98,100.0,5.5,112.04,apple
13.13,136.6,191.08,20.89,90.14,6.01,104.71,apple
18.02,144.05,202.28,19.76,90.75,6.56,109.47,apple
17.55,129.21,195.61,19.62,85.6,5.45,100.56,apple
23.96,131.33,198.34,27.08,98.48,5.79,103.54,apple
16.68,138.85,198.36,20.45,87.93,5.59,117.8,apple
14.42,140.96,195.73,21.4,85.32,5.9,108.08,apple
20.75,144.3,201.42,18.82,88.44,6.14,132.48,apple
22.41,138.82,204.88,27.68,82.25,6.17,127.76,apple
14.31,127.8,193.19,19.08,89.59,6.0,125.99,apple
26.41,128.14,193.24,27.26,95.23,5.93,120.1,apple
20.85,137.67,197.31,23.08,84.45,5.62,102.84,apple
19.13,127.51,195.73,15.94,94.74,5.87,87.42,apple
16.83,136.36,195.66,19.21,91.63,6.04,91.45,apple
23.75,128.4,199.86,21.86,89.36,5.49,108.71,apple
29.13,124.47,213.54,20.96,92.18,5.47,101.43,apple
18.49,126.68,198.33,20.37,100.0,5.43,114.54,apple
22.24,126.51,205.49,20.41,79.54,6.16,96.25,apple
15.76,138.82,197.22,25.67,98.05,5.64,124.9,apple
17.22,149.63,194.46,26.1,96.22,6.03,102.94,apple
20.24,118.92,201.8,23.4,92.67,4.71,94.02,apple
17.26,136.04,202.31,21.32,95.18,5.49,122.15,apple
23.37,136.64,198.54,29.32,94.47,5.51,116.72,apple
24.76,129.88,208.71,23.53,80.29,6.02,106.91,apple
23.69,140.61,201.56,28.66,91.11,6.15,125.07,apple
20.51,139.45,195.24,20.31,85.44,6.0,117.88,apple
26.9,139.54,197.72,17.29,94.16,6.34,124.33,apple
26.42,132.52,196.27,19.05,91.72,5.87,116.1,apple
20.35,133.06,193.79,25.77,92.38,5.83,101.79,apple
14.34,143.16,204.44,15.5,95.82,6.27,114.87,apple
28.99,135.52,188.67,23.46,93.22,5.66,121.6,apple
12.66,140.93,192.98,18.06,91.43,6.07,115.46,apple
17.29,130.46,190.94,21.1,97.38,5.9,125.89,apple
28.28,129.88,198.51,30.68,99.22,5.23,118.81,apple
21.0,139.79,194.04,18.64,88.62,5.67,125.23,apple
15.09,129.64,185.69,26.03,98.36,5.77,108.53,apple
23.27,144.32,203.27,19.21,83.91,5.45,114.1,apple
17.72,135.36,195.58,17.77,86.11,6.52,126.33,apple
29.65,137.78,196.56,27.29,91.83,5.99,112.36,apple
6.27,145.23,203.93,23.32,91.69,5.97,104.04,apple
24.08,124.85,201.49,24.25,91.01,6.05,98.13,apple
16.17,135.66,205.43,14.5,94.61,5.68,110.11,apple
14.3,128.04,207.73,22.13,90.09,5.85,120.34,apple
23.2,133.47,208.74,25.88,94.07,5.92,122.86,apple
22.57,141.43,207.2,17.93,86.57,5.62,127.64,apple
13.12,136.76,202.9,26.65,92.9,5.36,98.61,apple
15.09,130.23,198.54,17.34,99.35,5.37,133.19,apple
26.93,140.29,194.45,23.37,85.61,6.26,111.89,apple
18.95,125.43,180.18,17.85,97.56,5.74,110.46,apple
24.28,146.64,210.6,18.11,82.29,6.84,147.03,apple
21.94,125.11,207.71,21.57,91.44,6.26,118.02,apple
15.07,131.73,205.29,24.04,93.31,6.27,107.57,apple
21.89,110.37,196.4,25.06,90.05,5.71,97.38,apple
26.02,137.84,206.6,15.1,91.2,5.79,108.79,apple
17.92,131.58,206.8,14.35,100.0,6.09,112.37,apple
23.53,8.74,8.01,22.52,98.83,6.98,117.3,orange
16.05,18.43,15.03,26.98,91.59,7.27,119.09,orange
21.53,21.56,13.31,22.49,95.21,6.85,98.08,orange
17.65,15.62,5.02,26.44,78.16,8.09,132.03,orange
17.69,16.05,10.91,20.64,92.96,6.94,109.68,orange
19.91,9.43,10.12,23.65,92.64,6.91,126.93,orange
17.23,17.14,13.89,22.68,93.07,6.96,128.32,orange
17.71,22.42,9.69,19.56,95.4,6.88,119.69,orange
5.35,16.03,8.62,18.75,89.23,6.77,110.33,orange
12.16,17.58,14.1,24.12,96.04,7.44,128.31,orange
28.35,13.5,7.84,26.13,95.54,7.31,137.45,orange
19.06,18.13,7.06,31.54,90.32,6.88,106.15,orange
15.78,12.35,8.43,17.54,88.07,7.78,121.3,orange
23.63,21.89,15.5,15.91,85.85,6.68,104.42,orange
17.5,13.77,10.66,23.14,88.39,6.13,97.1,orange
16.25,14.76,6.61,21.04,86.35,6.95,95.98,orange
14.76,9.46,9.54,19.53,96.53,7.16,110.02,orange
15.01,17.9,12.07,23.57,100.0,7.18,123.79,orange
19.67,19.38,7.61,21.17,93.75,7.14,118.11,orange
24.5,8.88,7.08,23.92,88.38,8.35,118.22,orange
18.61,13.42,8.56,23.12,92.56,6.82,107.18,orange
25.72,22.92,10.76,17.63,94.69,7.62,130.18,orange
22.67,23.11,10.16,25.51,88.6,7.12,129.61,orange
16.05,11.69,10.29,22.09,95.25,6.82,135.06,orange
12.55,22.27,7.71,15.82,93.19,6.9,95.47,orange
10.59,15.96,12.93,25.34,92.28,7.19,110.62,orange
11.85,8.9,9.39,22.36,96.25,7.3,119.47,orange
17.6,9.1,11.24,25.1,80.06,6.67,101.33,orange
19.59,11.98,9.89,22.16,91.2,6.71,102.05,orange
13.6,17.9,11.71,19.92,99.6,6.87,132.42,orange
15.79,5.87,11.21,23.99,92.17,6.74,110.52,orange
16.44,14.49,12.52,23.74,95.05,6.91,106.21,orange
13.23,14.15,5.0,20.64,91.59,7.23,107.24,orange
20.74,5.1,9.83,16.28,85.96,6.93,128.87,orange
20.86,16.09,9.94,20.15,89.28,7.17,91.6,orange
21.97,14.06,12.48,26.84,83.63,6.77,99.02,orange
9.94,10.84,17.32,25.44,100.0,7.33,100.61,orange
17.09,18.94,11.31,20.69,84.45,8.32,109.02,orange
17.37,16.57,9.27,23.49,98.43,6.95,94.72,orange
18.19,13.68,14.27,27.68,92.54,6.49,93.84,orange
19.08,17.68,8.88,21.08,89.04,6.99,77.64,orange
13.49,12.86,13.62,19.74,92.9,7.09,129.17,orange
25.31,15.71,8.57,20.34,90.79,6.83,118.75,orange
21.1,18.96,13.78,30.45,92.62,7.44,106.08,orange
24.93,21.31,13.03,23.38,88.66,6.44,110.44,orange
26.67,14.45,12.36,26.38,90.58,7.53,70.28,orange
12.89,11.42,7.54,24.35,93.45,7.16,119.35,orange
14.25,9.91,11.19,20.48,84.15,7.39,130.53,orange
26.79,16.94,11.88,28.48,88.79,7.44,114.86,orange
23.57,16.93,13.89,23.89,84.58,7.58,97.73,orange
25.27,15.55,13.53,27.54,94.15,7.2,116.92,orange
8.93,16.59,6.65,23.68,86.29,6.53,133.47,orange
24.35,15.98,10.55,22.01,94.85,6.73,124.91,orange
17.73,13.9,10.07,20.64,93.64,6.79,117.56,orange
25.08,12.4,9.61,24.85,89.82,7.19,118.78,orange
24.42,12.97,7.17,21.77,87.16,7.23,94.74,orange
30.67,22.48,10.04,26.47,83.82,8.01,102.74,orange
18.4,6.72,11.46,18.57,92.51,6.78,95.91,orange
14.98,17.13,6.16,20.0,95.32,8.04,117.69,orange
14.41,14.16,10.09,21.6,96.52,7.09,123.71,orange
17.43,22.63,9.5,19.12,100.0,6.27,100.66,orange
15.86,28.54,15.42,28.98,90.35,7.97,116.16,orange
23.89,16.9,9.85,21.99,90.95,7.24,116.14,orange
18.84,23.55,5.0,25.04,95.59,7.46,110.09,orange
20.04,20.93,14.47,21.8,93.33,7.67,81.26,orange
15.55,23.33,13.28,25.09,89.76,6.65,102.72,orange
26.74,12.86,10.3,19.99,96.21,6.78,109.63,orange
10.58,7.93,10.02,17.7,100.0,6.18,99.8,orange
19.08,14.17,6.69,19.17,87.05,6.89,138.33,orange
19.39,21.91,11.52,27.46,78.0,6.88,129.3,orange
16.14,24.81,14.45,21.12,89.48,6.59,102.19,orange
12.84,18.14,5.63,25.41,95.14,6.34,132.7,orange
21.57,19.75,7.72,25.49,97.63,6.96,139.03,orange
19.22,21.7,10.88,25.34,83.64,7.15,100.71,orange
14.77,24.72,9.36,18.99,90.2,6.48,131.07,orange
15.52,18.65,14.07,21.0,94.66,6.59,145.24,orange
23.68,15.04,7.68,22.54,90.3,7.78,93.84,orange
19.67,15.91,9.65,22.57,91.42,7.35,119.53,orange
21.09,5.0,10.9,16.38,95.23,7.59,98.03,orange
17.69,13.0,13.71,23.38,100.0,7.17,114.39,orange
19.34,20.09,5.0,23.34,91.65,7.29,108.37,orange
13.81,16.04,6.75,15.3,95.64,7.23,117.54,orange
25.51,12.67,5.71,22.72,90.26,6.66,109.88,orange
15.94,6.82,8.68,18.45,93.16,6.74,126.56,orange
27.02,19.4,5.35,29.02,99.88,7.01,129.52,orange
16.24,6.67,7.72,29.92,84.54,7.0,111.48,orange
16.44,13.78,10.22,20.75,84.89,7.09,126.03,orange
23.35,11.95,6.25,21.86,99.84,7.26,120.86,orange
23.45,18.1,10.36,25.65,89.27,6.43,121.12,orange
25.19,10.41,12.47,29.72,91.99,6.67,112.72,orange
16.25,12.92,11.3,16.59,84.78,7.01,110.69,orange
20.72,25.38,10.31,25.39,87.12,7.31,103.63,orange
19.36,15.46,13.1,17.76,80.58,6.91,117.56,orange
19.76,22.16,11.31,20.74,80.37,6.91,125.39,orange
17.04,16.14,11.26,18.94,95.12,7.65,108.58,orange
13.35,15.67,5.0,24.35,94.26,7.67,108.28,orange
21.04,11.69,8.93,16.9,91.03,6.88,115.19,orange
15.88,16.42,9.0,21.67,92.4,7.02,121.66,orange
18.4,14.25,9.46,20.14,90.2,7.81,98.22,orange
17.61,14.06,9.26,21.68,93.4,6.32,125.52,orange
53.43,50.3,36.39,30.09,90.79,7.99,152.78,papaya
36.35,54.17,49.68,35.01,85.43,6.63,130.08,papaya
41.27,60.82,54.64,37.36,94.87,6.45,155.86,papaya
51.16,59.94,46.33,32.01,92.37,7.92,148.42,papaya
44.72,53.17,47.05,42.71,90.0,7.15,136.23,papaya
50.83,64.54,46.57,31.44,100.0,7.19,157.23,papaya
54.51,62.22,62.11,34.18,94.89,5.97,128.15,papaya
40.59,67.92,34.68,32.39,77.03,6.28,134.16,papaya
58.69,61.78,45.0,38.26,92.09,6.72,121.35,papaya
42.07,53.22,50.28,34.31,99.72,6.89,94.26,papaya
50.84,48.85,44.2,30.75,88.68,6.01,146.66,papaya
39.12,61.5,63.42,28.68,90.58,5.44,137.58,papaya
53.5,64.04,50.46,37.56,100.0,7.56,133.59,papaya
38.84,56.16,44.32,35.81,86.09,6.66,158.08,papaya
48.3,52.38,57.05,26.48,90.36,6.68,143.29,papaya
50.26,63.27,49.79,32.53,89.96,6.39,157.18,papaya
44.47,64.93,50.11,31.91,95.09,6.34,154.49,papaya
50.49,54.83,53.17,36.19,97.79,7.18,151.84,papaya
41.11,76.14,41.58,37.8,94.16,6.11,140.76,papaya
48.45,68.14,45.72,32.95,80.32,7.57,123.73,papaya
51.29,58.29,49.41,37.24,100.0,6.83,154.79,papaya
51.3,66.12,47.22,38.3,97.55,7.24,131.12,papaya
47.82,60.68,41.77,40.38,91.94,6.84,132.61,papaya
39.71,54.77,51.32,36.69,92.81,6.87,136.93,papaya
52.47,69.38,54.23,37.24,93.47,5.95,124.2,papaya
52.18,58.92,52.64,40.71,95.63,7.33,144.7,papaya
43.35,58.59,45.17,40.23,95.95,6.96,165.25,papaya
34.86,63.12,42.14,33.97,90.44,7.03,147.11,papaya
58.42,54.79,54.25,34.65,83.82,6.24,140.3,papaya
56.79,62.25,42.99,33.44,100.0,6.76,137.11,papaya
52.44,64.34,47.26,36.01,90.36,7.06,146.05,papaya
52.37,53.69,45.07,37.78,91.6,6.84,137.48,papaya
55.29,54.75,49.19,37.14,97.86,6.44,178.27,papaya
51.19,51.7,52.21,32.47,94.17,6.68,144.34,papaya
42.62,65.93,43.06,29.56,93.84,7.5,136.65,papaya
53.91,66.51,54.89,32.76,86.54,5.6,138.27,papaya
57.25,51.13,54.2,30.2,92.53,7.05,131.13,papaya
50.19,56.09,54.23,34.94,92.28,7.48,154.92,papaya
44.17,58.4,49.54,34.32,100.0,6.89,106.35,papaya
45.2,45.47,48.02,26.05,87.64,5.94,149.91,papaya
49.0,61.12,49.37,28.42,94.57,7.66,150.37,papaya
46.02,49.0,44.55,35.81,97.37,6.83,157.4,papaya
53.95,62.55,46.05,34.7,87.76,6.71,148.96,papaya
60.75,49.83,52.89,39.92,95.79,7.12,153.58,papaya
58.09,51.39,41.68,33.97,81.19,7.32,164.97,papaya
45.97,56.4,49.57,34.21,92.64,6.98,139.89,papaya
55.6,62.12,46.36,39.34,85.21,6.65,160.4,papaya
43.94,61.17,53.26,30.56,91.64,6.62,133.07,papaya
65.11,53.66,56.03,32.43,86.57,6.75,154.68,papaya
55.44,69.94,67.67,35.0,88.68,6.93,138.21,papaya
55.48,49.92,64.21,37.42,83.58,6.35,157.69,papaya
57.23,50.09,54.28,26.21,91.55,7.26,133.07,papaya
38.45,60.02,46.37,36.52,87.57,6.31,106.62,papaya
50.19,57.87,42.87,34.78,97.14,6.59,147.83,papaya
50.91,50.57,62.34,32.12,95.28,7.08,140.49,papaya
53.25,60.72,41.49,32.67,88.94,6.47,119.53,papaya
56.89,70.21,55.87,39.08,90.28,6.38,128.99,papaya
53.51,60.59,49.54,39.18,94.02,6.28,130.74,papaya
53.77,66.29,53.31,41.59,100.0,6.92,127.91,papaya
39.83,56.29,54.52,41.31,94.09,7.28,138.58,papaya
53.36,64.76,38.12,32.35,96.75,6.84,121.46,papaya
31.99,56.44,49.57,30.46,92.72,6.95,155.07,papaya
32.51,49.8,48.17,36.29,94.45,6.94,136.1,papaya
46.71,53.9,54.61,30.32,96.25,6.8,142.19,papaya
44.4,49.51,46.11,32.68,80.15,6.6,159.64,papaya
52.97,55.53,50.28,31.78,92.74,7.47,160.43,papaya
52.65,55.55,54.5,27.25,90.74,6.99,156.33,papaya
53.69,61.06,48.83,36.15,87.24,6.28,144.11,papaya
50.21,46.22,52.73,37.09,91.61,7.89,130.71,papaya
46.47,56.23,49.54,32.69,84.97,6.43,141.24,papaya
57.6,74.42,58.01,30.9,88.52,6.62,175.12,papaya
47.84,49.71,46.99,37.03,95.45,6.6,155.3,papaya
33.09,59.73,55.16,30.67,87.82,5.77,171.62,papaya
43.96,60.69,53.62,40.05,91.23,6.43,146.12,papaya
57.99,57.81,44.27,27.84,85.89,7.13,137.23,papaya
44.75,53.99,50.51,33.04,90.63,7.37,170.68,papaya
37.73,61.29,45.34,33.01,93.55,6.59,147.15,papaya
53.71,61.06,46.12,31.48,84.8,6.27,178.32,papaya
43.46,50.65,51.92,33.56,91.02,7.4,152.88,papaya
45.29,56.03,46.98,37.5,90.46,5.8,142.13,papaya
38.24,74.29,44.21,33.35,93.29,6.56,137.78,papaya
51.95,69.68,54.61,39.91,86.77,6.86,145.79,papaya
51.46,68.63,48.68,32.38,94.67,5.81,138.74,papaya
48.06,52.56,56.34,29.75,91.32,6.85,167.36,papaya
48.93,65.55,54.2,34.49,86.55,5.98,144.92,papaya
45.2,65.43,54.48,33.26,86.21,6.96,124.68,papaya
43.69,52.14,49.17,38.68,91.97,6.48,115.54,papaya
52.86,53.54,50.71,32.58,96.19,6.62,141.94,papaya
52.4,73.75,55.33,33.65,92.02,6.44,125.9,papaya
45.13,53.59,53.92,29.72,98.67,7.08,143.37,papaya
49.0,55.1,51.62,38.35,88.48,5.93,155.66,papaya
51.27,51.16,45.6,30.56,88.38,6.54,138.2,papaya
44.44,53.69,48.63,34.67,90.42,7.28,152.15,papaya
37.86,62.67,53.63,32.26,84.52,6.7,142.86,papaya
41.15,48.84,49.47,33.07,89.91,6.66,123.15,papaya
45.96,62.73,47.9,27.31,89.64,6.16,147.81,papaya
51.23,47.39,54.55,29.55,99.8,6.68,120.56,papaya
41.01,61.44,47.65,33.61,100.0,6.35,144.08,papaya
58.94,60.89,40.36,36.02,86.18,7.4,128.19,papaya
69.79,69.27,45.22,34.08,95.77,7.09,150.96,papaya
27.26,15.39,28.17,25.96,97.43,6.05,177.83,coconut
24.98,5.74,31.55,27.66,100.0,5.29,203.14,coconut
21.38,18.44,38.38,28.68,95.6,6.0,162.33,coconut
20.86,12.42,29.78,19.99,95.72,5.85,165.28,coconut
22.1,8.83,39.65,26.69,93.42,5.51,172.48,coconut
27.93,21.18,34.27,28.64,92.57,5.32,167.98,coconut
19.82,21.24,31.55,31.84,98.79,5.72,136.1,coconut
27.93,22.8,23.17,31.53,95.53,5.96,204.3,coconut
27.72,19.26,32.37,28.85,92.4,5.88,153.95,coconut
19.33,14.17,26.82,27.41,92.7,6.1,139.55,coconut
20.43,16.66,28.45,26.48,87.66,6.04,184.95,coconut
23.47,21.19,31.01,28.44,94.62,6.18,140.46,coconut
16.53,23.93,17.7,26.58,98.69,5.86,163.9,coconut
21.65,14.23,30.15,24.95,98.43,6.47,169.33,coconut
14.07,13.38,29.08,28.52,89.97,5.59,182.21,coconut
25.69,12.89,23.33,36.85,97.13,5.79,189.38,coconut
20.38,20.34,30.8,27.27,93.55,5.32,210.76,coconut
16.29,9.2,28.94,24.12,93.79,6.18,191.91,coconut
25.07,14.47,30.25,28.22,86.97,6.13,142.85,coconut
31.2,13.98,29.08,24.69,91.48,6.81,190.81,coconut
13.25,23.52,35.97,26.16,95.23,5.89,211.45,coconut
17.02,16.73,27.86,22.7,100.0,5.43,176.4,coconut
12.3,14.0,32.11,24.53,96.35,5.79,195.2,coconut
27.81,13.07,30.38,27.55,96.48,5.91,175.8,coconut
19.78,16.58,36.49,28.94,96.81,6.19,168.92,coconut
22.59,10.57,36.34,18.65,93.65,6.36,144.72,coconut
23.0,12.6,28.16,29.84,94.79,5.09,152.47,coconut
25.88,18.24,38.74,32.05,92.63,6.9,172.49,coconut
16.19,12.83,18.72,31.82,100.0,5.49,167.44,coconut
21.48,11.2,21.22,26.37,92.72,5.74,176.45,coconut
28.15,14.48,30.85,29.18,96.22,5.65,173.93,coconut
23.74,10.36,36.32,31.29,91.11,5.98,184.85,coconut
18.27,18.41,30.82,22.6,95.84,5.46,190.78,coconut
17.64,15.19,36.86,28.49,89.68,5.49,160.01,coconut
22.97,17.79,25.78,23.5,95.13,5.83,215.14,coconut
21.18,25.07,24.15,22.28,89.52,6.38,207.12,coconut
17.09,13.7,24.16,21.57,96.87,5.99,172.21,coconut
14.0,24.2,27.48,28.6,88.18,5.82,177.83,coconut
22.64,16.77,32.47,23.61,94.79,5.95,176.63,coconut
21.36,9.63,23.41,20.36,97.27,6.23,188.87,coconut
22.53,5.33,24.87,27.51,94.54,5.81,179.38,coconut
21.06,16.6,26.8,29.95,92.28,5.37,156.58,coconut
19.26,20.97,29.79,26.44,89.01,6.21,158.96,coconut
20.5,23.4,32.54,22.12,86.92,5.87,147.75,coconut
24.24,16.21,30.83,24.88,100.0,7.04,166.43,coconut
22.77,16.49,28.7,24.5,89.66,5.45,180.1,coconut
18.4,5.0,32.22,26.89,99.39,6.05,142.43,coconut
9.85,12.4,26.87,29.83,93.96,6.35,145.5,coconut
25.83,19.6,19.91,30.97,94.37,6.06,154.7,coconut
27.38,10.07,34.16,29.46,90.1,6.69,176.63,coconut
24.27,8.36,40.59,23.33,98.1,5.5,159.62,coconut
24.94,21.14,23.64,30.27,98.18,5.52,203.97,coconut
13.72,12.88,32.4,24.44,95.06,6.0,168.26,coconut
25.16,14.86,31.16,30.44,97.16,6.21,149.02,coconut
23.62,11.61,23.59,26.78,90.38,6.22,188.29,coconut
11.49,11.86,22.7,25.61,95.82,5.8,160.2,coconut
27.5,5.0,36.18,25.37,93.69,5.69,202.86,coconut
14.85,16.06,32.64,22.17,90.32,5.84,154.27,coconut
16.92,14.25,33.25,25.97,98.31,5.5,146.96,coconut
30.63,12.71,23.45,21.77,98.3,5.76,166.93,coconut
20.2,21.06,29.1,34.03,94.54,6.32,188.1,coconut
20.82,13.07,31.66,28.53,91.71,5.97,196.72,coconut
31.35,20.27,39.31,25.11,96.81,6.44,154.07,coconut
18.57,24.69,25.12,22.98,100.0,6.38,180.64,coconut
20.77,13.81,31.41,31.74,94.95,6.77,154.04,coconut
20.9,14.13,24.57,26.54,95.67,6.11,215.41,coconut
23.32,21.75,30.33,32.03,100.0,6.11,152.15,coconut
18.26,17.41,32.28,29.1,95.84,5.9,159.28,coconut
23.01,25.27,35.1,28.6,98.12,5.75,161.83,coconut
17.26,15.37,27.89,30.62,92.1,5.58,210.85,coconut
18.74,16.77,32.26,23.59,98.94,6.15,203.17,coconut
17.6,16.5,30.2,27.79,88.18,5.94,143.47,coconut
22.79,5.36,20.74,29.46,91.81,5.5,197.42,coconut
22.64,20.36,29.17,35.04,91.58,6.6,170.77,coconut
12.73,18.41,31.57,23.85,90.31,5.89,178.99,coconut
8.65,21.27,27.53,23.0,97.76,5.89,196.32,coconut
23.19,15.99,29.24,28.45,92.35,5.56,184.2,coconut
20.28,16.17,35.45,26.66,94.06,5.66,180.61,coconut
22.75,20.5,27.1,25.63,97.17,6.0,153.88,coconut
27.53,7.51,33.92,23.2,100.0,5.28,195.05,coconut
20.59,14.17,30.93,28.9,90.38,5.57,184.99,coconut
12.46,13.08,45.2,24.1,98.59,5.67,182.18,coconut
24.27,21.64,29.0,32.97,91.64,5.99,176.91,coconut
15.39,14.57,30.81,25.7,100.0,5.56,195.59,coconut
25.28,15.93,25.67,24.7,91.93,5.19,151.93,coconut
13.59,22.73,33.09,29.36,96.36,5.97,201.21,coconut
17.95,16.53,33.74,23.04,100.0,5.91,174.84,coconut
27.28,20.57,30.19,27.39,87.98,5.68,182.34,coconut
23.22,22.11,29.4,22.84,98.23,6.47,189.96,coconut
20.18,21.22,47.14,27.35,88.75,5.67,184.51,coconut
12.98,16.85,31.9,31.61,99.24,6.25,128.75,coconut
25.61,19.53,31.28,21.81,90.89,5.43,131.7,coconut
20.99,12.01,43.13,26.49,99.18,5.27,161.4,coconut
21.48,11.46,27.89,26.35,93.06,6.64,179.56,coconut
23.4,18.7,33.06,26.75,92.72,5.97,195.14,coconut
26.63,14.8,33.84,26.42,94.14,5.71,168.37,coconut
27.71,16.46,30.68,22.66,92.76,5.8,155.42,coconut
21.11,13.85,30.4,27.36,90.18,5.74,173.55,coconut
26.92,17.28,26.69,28.2,100.0,6.27,182.95,coconut
24.63,23.2,35.38,28.7,98.27,5.47,141.95,coconut
119.1,46.41,16.82,27.3,67.82,6.39,75.18,cotton
106.55,54.97,13.56,21.65,84.45,6.86,67.7,cotton
122.78,47.74,28.33,25.62,78.15,6.26,72.07,cotton
112.22,54.23,19.07,26.26,88.09,5.66,96.35,cotton
118.39,48.61,15.69,20.98,81.93,7.55,93.04,cotton
126.86,44.85,16.6,20.88,76.07,5.78,72.3,cotton
114.08,44.95,19.53,25.45,78.91,6.37,57.44,cotton
113.97,40.17,20.86,27.64,84.63,6.9,79.4,cotton
114.35,41.52,12.97,27.97,77.95,6.1,71.08,cotton
111.93,46.26,23.27,22.61,65.48,6.52,79.13,cotton
116.43,42.24,19.87,24.26,78.85,6.77,75.84,cotton
114.59,54.28,21.24,27.31,86.36,6.81,92.14,cotton
106.94,47.22,18.27,30.71,84.57,6.35,85.47,cotton
119.17,48.73,14.92,25.44,77.63,6.71,72.31,cotton
113.9,53.04,14.79,20.09,78.69,6.29,70.38,cotton
118.74,36.97,14.97,32.22,81.76,6.3,86.02,cotton
121.97,51.97,18.49,27.91,66.77,6.18,82.97,cotton
120.31,40.53,20.04,21.5,77.34,7.01,91.91,cotton
111.02,39.66,17.36,23.89,75.05,7.02,85.17,cotton
120.84,38.4,23.67,12.72,84.0,6.97,75.81,cotton
126.91,45.62,19.25,25.36,98.12,7.14,89.41,cotton
111.61,46.86,15.75,27.29,79.84,6.15,81.97,cotton
112.05,46.91,15.56,24.11,83.5,6.58,76.31,cotton
119.42,50.18,14.57,25.04,86.91,6.83,81.69,cotton
122.48,48.71,22.01,15.9,69.68,7.0,62.94,cotton
120.81,43.89,15.02,25.4,80.21,7.44,73.5,cotton
128.08,48.11,16.36,27.2,82.39,6.61,84.2,cotton
113.82,41.05,22.04,23.1,78.52,6.71,84.18,cotton
107.99,53.72,19.48,23.19,81.59,6.69,90.2,cotton
121.77,50.31,24.4,27.53,78.04,6.15,101.01,cotton
116.34,43.16,12.05,25.35,79.89,5.99,86.44,cotton
114.51,62.14,16.72,22.26,73.75,7.11,76.53,cotton
112.93,50.24,13.48,26.5,89.69,6.83,88.65,cotton
124.09,56.26,23.84,25.76,84.42,6.25,90.32,cotton
110.96,43.8,6.67,25.61,75.14,7.04,85.68,cotton
125.87,39.5,23.15,32.42,83.58,6.92,83.04,cotton
114.33,50.57,12.98,22.33,68.37,6.32,88.7,cotton
121.54,46.31,19.68,16.46,76.76,6.33,73.09,cotton
122.2,40.84,16.58,15.65,77.24,6.16,81.95,cotton
111.34,46.63,18.42,30.69,81.98,5.86,65.82,cotton
118.39,40.42,7.13,29.4,83.32,6.81,73.71,cotton
120.99,41.77,19.82,20.32,88.1,5.97,95.79,cotton
118.27,43.06,19.67,26.93,87.2,6.73,70.31,cotton
118.39,56.9,24.39,27.64,83.77,6.88,94.91,cotton
114.8,37.87,19.28,20.73,72.67,6.31,110.82,cotton
118.95,48.17,14.11,16.62,74.09,7.18,85.01,cotton
122.19,50.43,16.63,29.55,75.2,7.16,86.31,cotton
105.48,41.51,11.86,28.65,78.85,5.71,85.51,cotton
114.24,37.1,25.71,24.43,77.24,6.44,62.84,cotton
108.87,53.71,17.1,24.09,66.73,6.07,88.32,cotton
120.64,56.52,24.37,23.08,81.84,6.47,105.66,cotton
126.04,47.02,19.8,29.78,82.48,7.22,54.68,cotton
121.23,42.91,26.03,30.19,79.2,7.21,102.4,cotton
118.52,60.83,18.87,23.14,84.2,6.46,82.02,cotton
127.87,46.12,12.22,25.47,74.82,6.95,89.35,cotton
128.3,51.45,23.36,21.32,83.82,7.39,72.74,cotton
130.6,42.7,15.59,25.18,83.3,6.96,69.46,cotton
121.04,41.89,13.04,20.29,74.49,6.81,94.83,cotton
107.69,48.11,14.29,26.52,75.26,6.18,90.6,cotton
113.89,44.1,10.12,27.79,83.93,6.6,62.67,cotton
126.47,42.0,17.19,33.25,74.78,6.9,87.75,cotton
120.73,47.69,20.51,25.09,78.69,7.2,65.25,cotton
125.15,50.93,21.79,28.47,78.44,5.85,80.13,cotton
111.06,41.61,14.03,22.09,75.42,5.65,89.4,cotton
133.54,49.64,18.19,23.78,76.47,6.64,80.56,cotton
112.11,56.1,13.05,26.87,78.39,7.36,85.09,cotton
115.48,44.51,19.16,19.43,74.4,5.89,69.92,cotton
118.66,47.8,11.08,23.45,82.38,6.53,73.39,cotton
115.11,42.76,16.45,24.7,92.85,6.3,77.18,cotton
117.64,41.88,23.39,14.52,75.81,6.93,77.47,cotton
112.25,48.64,22.63,24.84,74.19,6.78,76.18,cotton
123.22,54.9,8.58,24.44,68.59,7.58,75.38,cotton
123.22,45.79,15.79,20.31,88.51,6.98,104.32,cotton
118.39,47.73,17.93,22.85,72.75,6.63,71.53,cotton
121.09,47.02,20.15,30.7,78.77,6.9,105.62,cotton
127.15,52.92,17.77,24.92,71.09,6.8,84.29,cotton
118.16,52.16,14.17,30.54,84.41,6.57,79.22,cotton
121.36,55.13,19.41,24.58,79.11,7.31,76.57,cotton
117.79,54.78,19.59,28.55,73.53,6.52,98.81,cotton
113.27,45.09,20.03,20.04,76.52,6.65,81.56,cotton
126.96,55.25,15.58,24.45,83.05,7.21,89.62,cotton
120.04,50.0,21.7,20.29,80.16,7.18,78.51,cotton
118.91,44.54,9.74,24.08,80.81,6.4,67.14,cotton
111.84,50.59,26.89,29.53,70.93,6.94,73.04,cotton
113.92,43.23,21.82,27.84,78.41,6.57,86.57,cotton
121.98,53.06,13.86,24.08,72.59,6.58,78.29,cotton
117.67,41.2,13.05,15.62,78.21,6.43,72.89,cotton
127.26,40.84,24.67,30.5,67.29,6.64,76.2,cotton
97.62,37.33,22.1,32.08,84.42,6.73,80.74,cotton
129.78,58.89,16.65,16.0,66.41,7.13,80.44,cotton
119.28,35.26,15.99,22.82,80.25,6.44,68.55,cotton
112.51,53.25,19.98,26.45,73.61,5.42,74.72,cotton
111.93,48.09,32.14,26.78,95.42,6.83,73.44,cotton
120.44,56.68,26.32,21.7,80.52,6.03,90.9,cotton
128.87,46.24,16.33,25.44,81.5,6.63,83.14,cotton
116.78,51.98,21.94,20.07,72.94,6.5,89.84,cotton
119.04,42.14,20.05,22.68,84.28,6.73,77.22,cotton
119.62,53.89,16.72,25.61,78.58,6.77,73.15,cotton
118.77,52.65,15.25,18.68,71.25,6.13,88.14,cotton
108.16,44.21,21.47,25.67,76.69,6.68,82.29,cotton
76.43,44.73,50.18,28.24,92.4,6.5,172.3,jute
68.68,41.14,48.51,22.91,89.6,6.2,152.93,jute
75.61,45.62,43.62,26.8,77.92,6.65,167.62,jute
71.6,40.67,44.14,17.69,88.09,6.56,158.55,jute
83.18,54.91,44.59,27.01,85.43,6.01,163.56,jute
71.62,53.35,37.08,28.38,82.68,6.36,162.26,jute
87.06,41.35,39.62,21.87,78.43,6.68,158.34,jute
71.28,47.72,34.78,21.76,75.3,6.67,192.87,jute
88.55,41.64,49.75,20.98,85.42,6.41,156.58,jute
72.79,45.69,41.9,27.68,75.28,6.3,155.67,jute
77.22,44.74,34.25,26.08,91.31,6.5,165.33,jute
81.92,42.65,42.34,22.13,89.16,6.84,161.6,jute
73.88,42.92,45.86,19.92,76.66,6.48,173.69,jute
76.1,37.05,37.0,24.6,76.86,6.97,192.39,jute
77.45,47.38,28.19,23.32,85.02,6.53,159.25,jute
93.94,56.91,41.34,29.56,68.87,6.38,164.6,jute
76.35,43.06,26.25,26.54,82.72,7.34,158.23,jute
71.91,29.92,37.53,28.6,76.94,7.56,168.87,jute
79.03,37.82,40.44,17.08,83.47,6.99,201.19,jute
70.86,46.96,41.82,26.77,75.67,5.74,180.94,jute
76.93,42.6,42.82,24.82,73.4,5.93,151.42,jute
94.75,50.34,39.94,24.27,78.76,7.17,164.19,jute
82.04,43.91,48.7,27.97,86.23,6.47,195.16,jute
75.81,46.66,47.18,20.83,81.02,6.88,184.4,jute
74.84,58.52,32.53,30.84,86.08,7.46,142.24,jute
71.92,54.95,29.61,18.57,77.56,6.78,205.84,jute
76.7,42.35,40.56,26.88,82.21,6.63,134.9,jute
71.58,54.52,39.94,23.71,85.59,6.25,169.49,jute
78.96,43.35,39.5,24.25,73.0,6.77,147.43,jute
79.16,54.24,37.59,20.31,79.37,6.37,185.89,jute
76.96,56.26,44.81,24.39,83.58,6.54,174.68,jute
75.47,50.6,46.16,28.19,84.61,7.07,185.03,jute
70.02,56.21,48.02,24.06,78.15,6.94,185.02,jute
76.59,38.5,40.53,27.21,83.63,6.84,168.58,jute
84.96,46.4,36.68,24.28,71.27,6.63,187.77,jute
80.38,55.12,37.69,26.95,83.96,7.64,176.9,jute
70.69,51.09,48.33,23.71,84.21,7.19,194.34,jute
78.88,41.81,38.59,26.83,84.54,6.83,166.4,jute
81.89,51.16,40.9,21.66,79.09,7.08,146.34,jute
63.35,55.05,41.56,27.43,74.62,7.0,179.5,jute
66.91,54.55,39.79,23.42,78.11,5.89,185.87,jute
79.83,44.84,45.39,19.46,77.02,6.36,168.42,jute
78.47,48.58,37.27,21.49,88.43,7.66,176.87,jute
72.7,54.85,31.77,23.66,76.52,6.24,168.4,jute
71.95,46.08,39.14,22.51,78.15,6.61,190.2,jute
76.96,50.95,41.93,27.29,86.94,6.25,164.54,jute
90.34,44.46,24.92,24.19,80.67,5.65,200.68,jute
73.0,47.97,37.87,19.85,74.65,6.33,195.71,jute
76.97,42.87,34.33,29.78,87.32,7.17,183.85,jute
80.03,38.7,37.77,22.26,70.87,7.12,160.08,jute
86.37,51.29,41.78,27.45,76.92,7.44,174.86,jute
80.11,42.11,34.34,26.91,81.09,6.38,145.23,jute
69.11,53.18,35.93,23.64,87.25,6.25,159.46,jute
72.62,55.71,48.97,28.01,83.92,6.47,212.95,jute
79.87,51.12,38.47,23.93,88.32,6.92,203.03,jute
79.79,40.91,36.08,25.41,76.87,6.26,198.03,jute
74.19,46.83,40.48,22.65,87.25,6.25,179.23,jute
79.72,45.67,32.52,28.48,83.72,6.43,188.15,jute
80.62,38.32,34.73,29.55,81.55,6.47,156.83,jute
74.39,43.33,34.77,18.03,85.7,7.09,148.53,jute
78.95,40.59,37.69,23.62,77.86,7.5,165.19,jute
72.34,41.42,44.22,18.39,76.19,7.28,178.88,jute
79.34,58.79,40.23,22.17,78.59,6.25,199.12,jute
82.02,52.75,45.06,23.34,75.28,6.68,156.54,jute
79.15,52.79,38.16,25.6,79.53,7.02,160.64,jute
62.62,48.83,43.94,26.79,76.8,6.25,183.89,jute
78.99,45.25,48.11,21.21,88.88,6.71,137.29,jute
76.75,51.76,37.17,19.1,79.18,6.36,183.84,jute
83.41,39.66,35.47,28.03,75.71,6.27,150.43,jute
80.46,47.85,35.58,25.02,87.64,6.31,134.97,jute
81.19,45.34,35.45,27.61,84.2,5.82,160.95,jute
94.22,49.5,42.38,29.69,80.09,7.02,188.36,jute
81.77,44.07,39.86,22.65,80.06,6.23,158.19,jute
76.02,40.34,36.47,24.34,82.01,7.08,164.72,jute
87.35,51.63,41.52,25.61,81.6,7.17,198.47,jute
87.34,46.25,41.77,30.37,76.88,6.57,174.32,jute
84.3,51.49,37.85,18.97,81.23,6.33,144.2,jute
69.15,47.96,45.81,25.16,81.06,7.17,143.11,jute
81.64,45.93,41.83,23.07,75.91,6.76,206.98,jute
84.03,42.95,32.3,18.27,86.58,6.32,167.49,jute
87.25,36.32,46.46,23.99,74.26,6.6,159.55,jute
81.09,42.11,29.44,24.12,73.22,6.78,150.26,jute
74.58,47.1,37.94,26.0,83.4,6.24,172.71,jute
54.69,47.48,37.5,21.07,81.58,7.17,164.48,jute
71.39,46.99,32.32,22.36,86.11,6.72,136.41,jute
65.42,46.97,43.31,18.53,82.25,7.23,211.76,jute
80.32,49.04,28.33,33.4,77.12,6.33,168.9,jute
88.58,59.25,39.63,28.99,80.22,6.28,203.53,jute
73.65,55.21,45.49,27.46,89.14,7.59,170.5,jute
72.34,34.81,50.22,23.24,85.68,6.4,204.77,jute
73.1,38.85,37.96,22.87,82.98,6.68,186.55,jute
75.96,42.01,36.08,33.18,81.13,5.91,163.6,jute
78.68,57.07,44.14,21.31,92.09,6.69,198.93,jute
69.91,31.61,31.96,12.0,90.56,6.79,155.51,jute
81.17,47.14,42.1,29.84,78.55,6.35,190.56,jute
83.62,46.6,49.89,23.25,75.5,6.87,160.5,jute
81.47,41.0,37.0,32.56,77.97,6.38,197.41,jute
70.64,41.84,41.88,28.75,86.1,6.4,185.92,jute
74.74,42.37,45.02,22.8,81.39,6.76,152.58,jute
84.76,49.36,29.07,26.11,76.14,7.14,145.09,jute
98.5,29.81,29.27,28.05,47.37,7.53,169.55,coffee
110.52,32.37,28.94,19.86,54.06,7.49,188.48,coffee
96.66,13.91,27.94,23.85,56.25,6.96,177.28,coffee
107.93,30.23,20.0,23.64,74.13,6.89,166.09,coffee
103.52,30.08,17.08,24.04,57.73,7.34,159.05,coffee
89.47,30.15,24.98,20.13,52.16,6.97,185.69,coffee
104.38,31.16,31.37,25.41,62.88,5.49,160.44,coffee
93.69,33.81,28.26,25.12,47.46,7.21,171.8,coffee
104.9,23.93,25.13,25.89,53.14,6.92,110.46,coffee
97.59,36.98,31.2,25.67,71.9,5.53,140.06,coffee
98.19,32.29,33.38,21.54,64.99,6.5,184.66,coffee
93.77,27.38,26.55,29.22,54.34,6.68,169.15,coffee
104.82,32.43,30.06,23.33,55.55,6.71,163.49,coffee
99.97,28.1,21.41,27.67,59.27,7.2,158.0,coffee
88.83,26.21,28.0,27.97,43.51,6.72,169.3,coffee
96.37,28.37,25.86,22.08,55.14,6.34,173.04,coffee
95.86,23.49,37.84,28.84,44.97,6.32,163.33,coffee
103.27,20.55,34.79,28.3,61.37,7.38,167.95,coffee
104.14,35.79,34.51,21.63,62.43,6.37,169.09,coffee
104.34,21.08,28.39,26.06,54.95,6.86,175.73,coffee
100.79,29.12,35.92,26.89,59.41,6.22,172.76,coffee
103.31,34.42,29.23,17.73,46.1,7.07,145.46,coffee
104.06,28.57,28.17,24.61,51.94,6.69,145.14,coffee
98.39,26.38,27.87,28.69,57.09,7.21,191.83,coffee
106.98,30.67,30.63,28.46,58.63,7.19,171.51,coffee
98.48,32.48,29.46,24.58,54.67,6.78,179.92,coffee
107.22,29.77,32.0,30.09,56.95,6.14,186.62,coffee
97.29,24.55,20.02,27.29,46.65,6.32,170.94,coffee
106.05,24.74,28.33,21.51,54.16,6.83,146.96,coffee
99.29,20.68,34.66,27.04,63.55,7.35,139.85,coffee
98.49,18.53,44.7,24.4,65.27,6.08,179.92,coffee
114.0,27.7,23.95,24.44,42.41,6.68,176.06,coffee
100.75,26.58,31.64,27.42,46.38,6.74,211.59,coffee
91.65,27.57,38.71,29.42,54.41,6.8,157.95,coffee
95.76,27.63,27.6,25.45,52.76,6.06,157.09,coffee
113.01,28.41,27.34,28.02,56.89,7.63,157.91,coffee
105.9,24.23,31.52,26.1,57.6,6.45,143.96,coffee
102.98,31.14,28.36,26.15,57.73,6.75,153.59,coffee
101.13,41.49,30.56,27.58,61.07,6.57,186.47,coffee
98.96,33.28,27.33,21.16,60.56,6.15,169.78,coffee
92.64,26.4,21.84,36.3,46.42,6.7,183.15,coffee
108.25,32.26,27.41,30.4,64.39,6.81,163.29,coffee
98.87,23.45,35.19,30.25,51.81,6.62,154.84,coffee
100.77,28.32,33.73,22.01,52.08,7.32,147.82,coffee
92.16,25.57,27.35,31.22,64.47,7.27,176.04,coffee
107.62,24.56,28.01,21.04,56.53,7.04,160.96,coffee
110.18,22.29,31.5,20.01,58.66,7.07,153.28,coffee
104.86,23.2,20.68,27.23,70.21,6.2,184.89,coffee
101.3,21.32,23.34,25.06,55.17,6.04,120.73,coffee
95.07,28.97,28.97,23.0,59.41,7.22,166.67,coffee
100.15,32.64,24.2,24.1,56.59,6.08,148.76,coffee
86.48,37.56,24.31,31.34,58.27,6.98,147.25,coffee
102.46,31.25,32.32,28.1,55.42,6.46,122.93,coffee
104.66,33.41,37.08,26.22,52.63,5.85,180.92,coffee
88.43,26.3,27.88,24.72,58.25,6.77,104.86,coffee
101.1,16.85,32.66,22.78,42.9,6.29,145.46,coffee
109.33,28.98,30.72,29.72,57.33,7.08,173.04,coffee
91.99,35.36,21.9,28.67,47.38,7.0,198.96,coffee
99.51,26.72,32.05,23.68,70.73,6.8,150.96,coffee
97.22,23.34,25.86,23.6,54.59,6.37,204.17,coffee
93.79,28.73,31.96,27.52,57.59,6.58,167.93,coffee
102.87,26.71,21.19,23.13,49.97,6.37,158.73,coffee
103.51,36.9,26.31,28.1,60.14,7.35,170.68,coffee
93.94,19.38,30.56,22.89,51.14,6.07,161.54,coffee
111.55,25.96,31.95,24.59,48.97,7.07,133.92,coffee
101.15,26.29,33.47,20.77,60.74,6.28,146.76,coffee
75.55,38.46,31.75,21.93,50.13,6.45,173.77,coffee
87.76,27.29,37.85,20.46,58.56,7.8,171.91,coffee
101.88,30.53,27.0,30.2,55.2,5.72,149.39,coffee
94.23,26.59,27.7,29.79,62.87,6.83,157.94,coffee
93.59,17.09,29.57,28.18,57.24,6.43,168.22,coffee
100.42,36.43,35.16,28.84,63.3,6.05,172.59,coffee
103.63,31.03,31.46,26.81,76.91,6.66,178.6,coffee
97.7,31.95,33.7,26.46,69.68,6.26,147.28,coffee
102.49,32.4,29.9,30.14,53.37,6.13,164.78,coffee
100.46,30.71,28.86,23.64,57.48,6.71,151.29,coffee
99.58,25.98,33.28,25.78,73.8,6.78,145.88,coffee
119.69,30.07,33.95,27.37,62.36,6.97,133.75,coffee
103.57,21.38,28.13,22.1,60.5,6.87,168.59,coffee
103.01,24.97,27.69,28.68,65.47,6.13,124.32,coffee
95.91,33.23,35.07,21.3,60.15,7.62,167.14,coffee
110.95,32.99,24.45,24.24,58.24,6.75,178.16,coffee
103.86,13.32,22.44,16.25,59.23,6.82,164.23,coffee
94.29,31.37,32.58,19.98,47.74,6.7,197.42,coffee
112.9,30.82,25.35,28.55,54.83,6.32,110.83,coffee
101.72,24.85,29.48,15.8,59.19,5.48,181.93,coffee
104.65,26.61,31.81,21.09,58.51,7.1,89.93,coffee
97.87,27.89,28.02,30.83,50.13,6.39,115.85,coffee
111.57,26.77,26.81,24.79,62.45,6.87,216.25,coffee
104.18,25.67,26.19,23.43,47.49,6.72,175.24,coffee
96.71,23.96,36.58,19.29,43.53,6.12,124.11,coffee
103.7,26.2,27.9,29.61,53.16,7.09,191.25,coffee
97.81,31.69,27.79,28.7,47.0,5.88,149.39,coffee
94.78,25.42,27.9,27.88,55.15,6.29,150.27,coffee
95.62,23.33,20.93,25.28,54.02,7.18,126.16,coffee
97.21,37.06,24.3,24.05,49.49,6.03,192.04,coffee
102.2,28.67,20.52,26.43,66.1,7.27,172.7,coffee
93.09,29.57,32.34,17.82,50.15,7.14,177.27,coffee
90.16,31.98,29.48,28.12,53.56,7.02,176.56,coffee
98.54,28.09,25.76,31.61,57.16,6.24,142.25,coffee
